Group_ID,Normalised_Title,Record_IDs,Years,DOIs,Decision,Canonical_Record_ID,Removed_Record_IDs,Rationale
1,a framework of in situ sensor data processing system for context awareness,R12212; R12213,2006,10.1007/11816492_16; 10.1007/978-3-540-37256-1_16,Merge confirmed duplicate manifestation,R12213,R12212,Same chapter represented by legacy and ISBN DOI forms.
2,a review of modeling approaches used to simulate smoke transport and dispersion,R12318; R12319,2023,10.1002/9781119757030.ch8; 10.1002/9781119757030.ch08,Merge confirmed duplicate manifestation,R12318,R12319,Same chapter represented by ch8 and ch08 DOI aliases.
3,aldehydes and cardiovascular disease,R12554; R12555,2018; 2025,10.1016/b978-0-12-801238-3.02038-9; 10.1016/b978-0-323-95488-4.00175-3,Retain distinct records,,,"Normalised-title collision only; differing year, authorship, DOI, venue, edition, or generic document label does not establish one publication manifestation."
4,amazon drought and its implications for forest flammability and tree growth a basin wide analysis,R01164; R01165,2004,10.1111/j.1529-8817.2003.00772.x,Merge confirmed duplicate manifestation,R01165,R01164,Same title/year/authorship; one row is a malformed metadata-only copy and the other is the DOI-indexed article.
5,analysis on flashover performance of polluted porcelain insulators in high conductivity fog environment,R12679; R12680,2015; 2016,10.1109/ceidp.2015.7352058; 10.13296/j.1001-1609.hva.2016.01.006,Retain distinct records,,,"Normalised-title collision only; differing year, authorship, DOI, venue, edition, or generic document label does not establish one publication manifestation."
6,approximation algorithms for fragmenting a graph against a stochastically located threat,R20089; R20202,2011; 2015,10.1007/978-3-642-29116-6_11; 10.1007/s00224-014-9548-6,Retain distinct records,,,"Normalised-title collision only; differing year, authorship, DOI, venue, edition, or generic document label does not establish one publication manifestation."
7,back matter,R19611; R19632; R25370; R25422,2022; 2016,,Retain distinct records,,,"Normalised-title collision only; differing year, authorship, DOI, venue, edition, or generic document label does not establish one publication manifestation."
8,book reviews,R02190; R25438,2006; 2022,10.1071/muv106n3_br; 10.1137/22n975548,Retain distinct records,,,"Normalised-title collision only; differing year, authorship, DOI, venue, edition, or generic document label does not establish one publication manifestation."
9,boundary sketching with asymptotically optimal distance and rotation,R19848; R23008,2023; 2024,10.1007/978-3-031-32733-9_16; 10.1016/j.tcs.2024.114714,Retain distinct records,,,"Normalised-title collision only; differing year, authorship, DOI, venue, edition, or generic document label does not establish one publication manifestation."
10,contents,R03016; R25272; R25516; R25566; R25578; R25584; R25619; R25702; R25705; R26954; R27143; R27224,2013; 2016; 2023; 2026; 2015; 2024; 2025,10.1016/s0031-9384(13)00090-5; 10.1016/s1877-0509(16)31051-1; 10.1016/s1877-0509(23)01659-9; 10.1016/s1877-0509(26)01466-3; 10.1016/s1877-0509(25)03440-4; 10.1016/s1877-0509(26)02457-9; 10.1016/s1877-0509(15)01317-4; 10.1016/s1877-0509(24)03430-6; 10.1016/s1877-0509(24)01685-5; 10.1016/s1877-0509(23)00975-4; 10.1016/s1877-0509(25)00405-3; 10.1016/s1877-0509(26)00865-3,Retain distinct records,,,"Normalised-title collision only; differing year, authorship, DOI, venue, edition, or generic document label does not establish one publication manifestation."
11,contributors,R24838; R25842,2011; 1996,10.1287/opre.1110.0994; 10.1287/opre.44.5.833,Retain distinct records,,,"Normalised-title collision only; differing year, authorship, DOI, venue, edition, or generic document label does not establish one publication manifestation."
12,cyber warfare techniques tactics and tools for security practitioners,R19156; R19236,2011; 2013,,Retain distinct records,,,"Normalised-title collision only; differing year, authorship, DOI, venue, edition, or generic document label does not establish one publication manifestation."
13,design of multi data sources based forest fire monitoring and early warning system,R19838; R19839,2022,10.1007/978-3-031-23501-6_5; 10.1007/978-3-031-23582-5_5,Retain distinct records,,,Two separately published conference chapters in different LNCS proceedings with distinct DOI and venue identities; retained as distinct reports.
14,edgefiresmoke a novel lightweight cnn model for real time video fire smoke detection,R03864; R03865,2025; 2022,10.5220/0013909200004919; 10.1109/tii.2021.3138752,Retain distinct records,,,"Normalised-title collision only; differing year, authorship, DOI, venue, edition, or generic document label does not establish one publication manifestation."
15,editorial note,R25435; R25680,2022; 2023,10.1016/j.cag.2022.03.006; 10.1016/j.cag.2023.01.014,Retain distinct records,,,"Normalised-title collision only; differing year, authorship, DOI, venue, edition, or generic document label does not establish one publication manifestation."
16,efficient error estimating coding feasibility and applications,R23142; R23336,2012; 2010,10.1109/tnet.2011.2157357; 10.1145/1851182.1851186,Retain distinct records,,,"Normalised-title collision only; differing year, authorship, DOI, venue, edition, or generic document label does not establish one publication manifestation."
17,fluorescence lidar observations of wildfire smoke inside cirrus a contribution to smoke cirrus interaction research,R04952; R04953,2021; 2022,10.5194/acp-2021-1017; 10.5194/acp-22-5209-2022,Retain distinct records,,,Preprint and final journal article are distinct report versions with different DOI and year identities.
18,foreword,R05194; R25877,2003; 1990,10.1080/01431160210144642,Retain distinct records,,,"Normalised-title collision only; differing year, authorship, DOI, venue, edition, or generic document label does not establish one publication manifestation."
19,from the journals,R19586; R19587,2000; 1997,,Retain distinct records,,,"Normalised-title collision only; differing year, authorship, DOI, venue, edition, or generic document label does not establish one publication manifestation."
20,front matter,R19588; R19589; R19590; R19591; R19592; R19593; R19594; R19595; R19596; R19597; R19598; R19599; R19600; R19601; R19602; R19603; R19604; R19605; R19606; R19607; R19608; R19609; R19610; R19612; R19613; R19614; R19615; R19616; R19617; R19618; R19619; R19620; R19621; R19622; R19623; R19624; R19625; R19626; R19627; R19628; R19629; R19630; R19631; R19633; R19634; R19635; R19636; R19637; R25427; R25429; R25483; R25484; R25534; R25541; R25544; R25545; R25547; R25585; R25588; R25594; R25609; R25666; R25669; R25676; R25681; R25687; R25688; R25689; R25696; R25697; R25712; R25717; R25718; R25719; R25724; R25727; R25729; R25797; R26351; R26452; R26683; R26771; R26792; R26793; R26801; R26820; R26879; R26880; R26892; R26893; R26914; R26915; R26924; R26928; R26931; R26949; R26994; R26995; R27023; R27026; R27034; R27062; R27063; R27064; R27067; R27073; R27074; R27076; R27079; R27085; R27086; R27139; R27144; R27146; R27147; R27168; R27176; R27177; R27179; R27184; R27235; R27239; R27247; R27250; R27251; R27257; R27259; R27262; R27267; R27270; R27277,2019; 2020; 2021; 2022; 2023; 2024; 2025; 2026; 2016; 2009,,Retain distinct records,,,"Normalised-title collision only; differing year, authorship, DOI, venue, edition, or generic document label does not establish one publication manifestation."
21,general rumor blocking an efficient random algorithm with martingale approach,R19716; R23006,2018; 2020,10.1007/978-3-030-04618-7_14; 10.1016/j.tcs.2019.05.044,Retain distinct records,,,"Normalised-title collision only; differing year, authorship, DOI, venue, edition, or generic document label does not establish one publication manifestation."
22,inferring networks of diffusion and influence,R23332; R23391,2010; 2012,10.1145/1835804.1835933; 10.1145/2086737.2086741,Retain distinct records,,,"Normalised-title collision only; differing year, authorship, DOI, venue, edition, or generic document label does not establish one publication manifestation."
23,information diffusion through blogspace,R23184; R24696,2004,10.1145/1046456.1046462; 10.1145/988672.988739,Retain distinct records,,,Conference and journal-newsletter publications have distinct DOI and venue identities; retained as separate reports.
24,introduction,R18577; R26567,2019,,Merge confirmed duplicate manifestation,R18577,R26567,Both records contain the same ACM source DOI in Source_Linkages.
25,long term 1999 2019 variability of stratospheric aerosol over mauna loa hawaii as seen by two co located lidars and satellite measurements,R06808; R15420,2020,10.5194/acp-2019-1090; 10.5194/acp-20-6821-2020,Retain distinct records,,,Preprint and final journal article are distinct report versions with different DOI identities.
26,managing redundant content in bandwidth constrained wireless networks,R23145; R23519,2017; 2014,10.1109/tnet.2016.2616901; 10.1145/2674005.2674988,Retain distinct records,,,"Normalised-title collision only; differing year, authorship, DOI, venue, edition, or generic document label does not establish one publication manifestation."
27,minimization of atmosphere pollution by utilizing cellulose waste,R15588; R15589,2005,10.1080/16486897.2005.9636850; 10.3846/16486897.2005.9636850,Merge confirmed duplicate manifestation,R15589,R15588,Same article represented by publisher DOI aliases.
28,mortality risk attributable to wildfire related pm2 5 pollution a global time series study in 749 locations,R07393; R15685,2021,10.1016/s2542-5196(21)00200-x,Merge confirmed duplicate manifestation,R15685,R07393,Existing-registry copy and DOI-indexed record describe the same journal article.
29,non linear theory and power law models for information integration and mineral resources quantitative assessments,R15791; R15792,2008,10.1007/s11004-008-9172-6; 10.1007/978-3-540-69496-0_10,Retain distinct records,,,"Normalised-title collision only; differing year, authorship, DOI, venue, edition, or generic document label does not establish one publication manifestation."
30,openmp versus mpi for pde solvers based on regular sparse numerical operators,R19043; R19568,2006; 2002,,Retain distinct records,,,"Normalised-title collision only; differing year, authorship, DOI, venue, edition, or generic document label does not establish one publication manifestation."
31,parallel and distributed simulation,R07971; R26219,1996; 2015,10.1109/hicss.1996.495480,Retain distinct records,,,"Normalised-title collision only; differing year, authorship, DOI, venue, edition, or generic document label does not establish one publication manifestation."
32,parallel metric tree embedding based on an algebraic view on moore bellman ford,R23606; R23729,2016; 2018,10.1145/2935764.2935777; 10.1145/3231591,Retain distinct records,,,"Normalised-title collision only; differing year, authorship, DOI, venue, edition, or generic document label does not establish one publication manifestation."
33,pci compliance understand and implement effective pci data security standard compliance,R19090; R19301,2009; 2014,,Retain distinct records,,,"Normalised-title collision only; differing year, authorship, DOI, venue, edition, or generic document label does not establish one publication manifestation."
34,preface,R08334; R25640; R25779; R26553; R26889,2019; 2011; 2008; 2023,10.1017/cbo9781139523905.001; 10.1016/j.matcom.2011.02.001; 10.1177/1094342007088375,Retain distinct records,,,"Normalised-title collision only; differing year, authorship, DOI, venue, edition, or generic document label does not establish one publication manifestation."
35,real life observation of wildfire smoke impaired covid 19 vaccine immunity,R08692; R16288,2024; 2025,10.1101/2024.10.25.24316123; 10.1016/j.jaci.2025.01.035,Retain distinct records,,,"Normalised-title collision only; differing year, authorship, DOI, venue, edition, or generic document label does not establish one publication manifestation."
36,recent changes 1930s 1990s in spatial patterns of interior northwest forests usa,R16313; R16314,2000; 2004,10.1016/s0378-1127(99)00263-7,Retain distinct records,,,"Normalised-title collision only; differing year, authorship, DOI, venue, edition, or generic document label does not establish one publication manifestation."
37,recent literature,R22310; R25789,2007; 2005,10.1016/j.fss.2007.01.002; 10.1016/j.fss.2004.12.004,Retain distinct records,,,"Normalised-title collision only; differing year, authorship, DOI, venue, edition, or generic document label does not establish one publication manifestation."
38,risks to the public,R23226; R23748; R23768; R23926; R24159,2006; 2019; 2021; 2023,10.1145/1218776.1218809; 10.1145/3282517.3282523; 10.1145/3310013.3310021; 10.1145/3437479.3437482; 10.1145/3573074.3573077,Retain distinct records,,,"Normalised-title collision only; differing year, authorship, DOI, venue, edition, or generic document label does not establish one publication manifestation."
39,satellites and satellite remote sensing aerosol measurements,R16559; R16560,2015; 2025,10.1016/b978-0-12-382225-3.00347-9; 10.1016/b978-0-323-96026-7.00001-1,Retain distinct records,,,"Normalised-title collision only; differing year, authorship, DOI, venue, edition, or generic document label does not establish one publication manifestation."
40,secure event logging in sensor networks,R20092; R21396,2011; 2013,10.1007/978-3-642-29804-2_13; 10.1016/j.camwa.2012.06.019,Retain distinct records,,,"Normalised-title collision only; differing year, authorship, DOI, venue, edition, or generic document label does not establish one publication manifestation."
41,security views,R25386; R25389,2002; 2004,10.1016/s0167-4048(02)01102-1; 10.1016/j.cose.2004.10.008,Retain distinct records,,,"Normalised-title collision only; differing year, authorship, DOI, venue, edition, or generic document label does not establish one publication manifestation."
42,situation recognition from multimodal data,R16645; R16646,2016,10.1145/2911996.2930061; 10.1145/2964284.2986913,Retain distinct records,,,Separate ICMR and ACM Multimedia proceedings records with distinct DOI and venue identities; retained as distinct reports.
43,summarizing spatial data streams using clusterhulls,R19294; R23263,2006; 2009,10.1145/1412228.1412238,Retain distinct records,,,"Normalised-title collision only; differing year, authorship, DOI, venue, edition, or generic document label does not establish one publication manifestation."
44,thermochemical properties of pm2 5 as indicator of combustion phase of fires,R17292; R17293,2018,10.29333/ejac/90249; 10.3390/atmos9060230,Merge confirmed duplicate manifestation,R17293,R17292,Same article identity; R17292 carried an unrelated DOI and was removed in favour of the correct Atmosphere DOI record.
45,time to treat the climate and nature crisis as one indivisible global health emergency,R17306; R17307; R17308; R17309; R17310; R17311; R17312; R17313; R17314; R17315; R17316; R17317; R17318; R17319; R17320; R17321; R17322; R17323; R17324; R17325; R17326,2023; 2024,10.1016/s0140-6736(23)02289-4; 10.1136/bmjhci-2023-100938; 10.1136/gutjnl-2023-331314; 10.14744/anatoljcardiol.2023.13; 10.1136/dtb.2023.000060; 10.1136/jnis-2023-021135; 10.1016/j.accpm.2023.101320; 10.1001/jama.2023.20840; 10.1093/ageing/afad212; 10.1093/neuonc/noad196; 10.1093/nop/npad066; 10.1515/tjb-2023-2005; 10.12669/pjms.40.1.8841; 10.1136/archdischild-2023-326466; 10.1136/svn-2023-002917; 10.1136/thorax-2023-221080; 10.1111/anae.16168; 10.1002/ijgo.15251; 10.1111/eve.13912; 10.1002/ejhf.3093; 10.1093/ehjci/jead256,Retain distinct records,,,Known cross-journal editorial co-publications have distinct DOI/venue manifestations; the review counts reports rather than collapsing the underlying editorial text.
46,tropomi aerosol products evaluation and observations of synoptic scale carbonaceous aerosol plumes during 2018 2020,R11056; R17409,2020,10.5194/amt-2020-124; 10.5194/amt-13-6789-2020,Retain distinct records,,,Preprint and final journal article are distinct report versions with different DOI identities.
47,united states meteorological satellite program,R17468; R17469,2013; 2017,10.1007/978-1-4419-7671-0_54; 10.1007/978-3-319-23386-4_54,Retain distinct records,,,"Normalised-title collision only; differing year, authorship, DOI, venue, edition, or generic document label does not establish one publication manifestation."
48,upward mobility for underrepresented students a model for a cohort based bachelor s degree in computer science,R23680; R23718,2018,10.1145/3159450.3159551; 10.1145/3210555,Retain distinct records,,,Conference paper and ACM Inroads journal version have distinct DOI and venue identities; retained as separate reports.
49,using wildland fire smoke modeling data in gerontological health research california 2007 2018,R11390; R17554,2022,10.2139/ssrn.4026161; 10.1016/j.scitotenv.2022.156403,Retain distinct records,,,Preprint and final journal article are distinct report versions with different DOI identities.
50,wildfires,R17804; R17805,2016; 2025,10.1016/b978-0-12-801980-1.00019-2; 10.1016/b978-0-443-33803-8.00032-9,Retain distinct records,,,"Normalised-title collision only; differing year, authorship, DOI, venue, edition, or generic document label does not establish one publication manifestation."
51,wildland fuel characterization across space and time,R17850; R17851,2023,10.1002/9781119757030.ch4; 10.1002/9781119757030.ch04,Merge confirmed duplicate manifestation,R17850,R17851,Same chapter represented by ch4 and ch04 DOI aliases.
