Status,Database,Query_ID,Family,Search_Date,Exact_Query,Reported_Count,Exported_Count,Interface,Notes
Executed and exported,PubMed,PM01,Fire-smoke monitoring and modelling,2026-08-14,"(wildfire*[Title/Abstract] OR ""wildland fire""[Title/Abstract] OR ""wildland fires""[Title/Abstract] OR ""forest fire""[Title/Abstract] OR ""forest fires""[Title/Abstract] OR bushfire*[Title/Abstract]) AND (smoke[Title/Abstract] OR ""air pollution""[Title/Abstract] OR PM2.5[Title/Abstract] OR ""particulate matter""[Title/Abstract] OR plume*[Title/Abstract] OR emission*[Title/Abstract]) AND (monitor*[Title/Abstract] OR sensor*[Title/Abstract] OR satellite[Title/Abstract] OR forecast*[Title/Abstract] OR predict*[Title/Abstract] OR dispersion[Title/Abstract] OR simulation[Title/Abstract] OR model*[Title/Abstract])",1469,1469,NCBI E-utilities ESearch/EFetch,No lower date limit; database searched through the run date.
Executed and exported,PubMed,PM02,Fire-smoke exposure and health,2026-08-14,"(wildfire*[Title/Abstract] OR ""wildland fire""[Title/Abstract] OR ""wildland fires""[Title/Abstract] OR ""forest fire""[Title/Abstract] OR ""forest fires""[Title/Abstract] OR bushfire*[Title/Abstract]) AND (smoke[Title/Abstract] OR ""air pollution""[Title/Abstract] OR PM2.5[Title/Abstract] OR ""particulate matter""[Title/Abstract] OR plume*[Title/Abstract] OR emission*[Title/Abstract]) AND (exposure[Title/Abstract] OR health[Title/Abstract] OR mortality[Title/Abstract] OR morbidity[Title/Abstract] OR hospital*[Title/Abstract] OR ""emergency department""[Title/Abstract] OR respiratory[Title/Abstract] OR cardiovascular[Title/Abstract] OR pregnan*[Title/Abstract] OR mental[Title/Abstract] OR vulnerab*[Title/Abstract] OR risk[Title/Abstract])",1870,1870,NCBI E-utilities ESearch/EFetch,No lower date limit; database searched through the run date.
Executed and exported,PubMed,PM03,Industrial and other uncontrolled fires,2026-08-14,"(""industrial fire""[Title/Abstract] OR ""industrial fires""[Title/Abstract] OR ""chemical fire""[Title/Abstract] OR ""chemical fires""[Title/Abstract] OR ""waste fire""[Title/Abstract] OR ""waste fires""[Title/Abstract] OR ""landfill fire""[Title/Abstract] OR ""landfill fires""[Title/Abstract] OR ""residential fire""[Title/Abstract] OR ""residential fires""[Title/Abstract]) AND (""air pollution""[Title/Abstract] OR smoke[Title/Abstract] OR plume*[Title/Abstract] OR emission*[Title/Abstract] OR particulate*[Title/Abstract]) AND (monitor*[Title/Abstract] OR model*[Title/Abstract] OR health[Title/Abstract] OR exposure[Title/Abstract] OR dispersion[Title/Abstract] OR risk[Title/Abstract])",100,100,NCBI E-utilities ESearch/EFetch,No lower date limit; database searched through the run date.
Executed and exported,PubMed,PM04,"Warnings, intervention, governance, and equity",2026-08-14,"(wildfire*[Title/Abstract] OR ""wildland fire""[Title/Abstract] OR ""wildland fires""[Title/Abstract] OR ""forest fire""[Title/Abstract] OR ""forest fires""[Title/Abstract] OR bushfire*[Title/Abstract]) AND (smoke[Title/Abstract] OR ""air pollution""[Title/Abstract] OR PM2.5[Title/Abstract] OR ""particulate matter""[Title/Abstract] OR plume*[Title/Abstract] OR emission*[Title/Abstract]) AND (warning*[Title/Abstract] OR alert*[Title/Abstract] OR advisories[Title/Abstract] OR advisory[Title/Abstract] OR evacuation[Title/Abstract] OR intervention*[Title/Abstract] OR ""decision support""[Title/Abstract] OR communication[Title/Abstract] OR governance[Title/Abstract] OR privacy[Title/Abstract] OR equity[Title/Abstract] OR justice[Title/Abstract] OR trust[Title/Abstract])",354,354,NCBI E-utilities ESearch/EFetch,No lower date limit; database searched through the run date.
Executed and exported,PubMed,PM05,Relevant reviews,2026-08-14,"((wildfire*[Title/Abstract] OR ""wildland fire""[Title/Abstract] OR ""wildland fires""[Title/Abstract] OR ""forest fire""[Title/Abstract] OR ""forest fires""[Title/Abstract] OR bushfire*[Title/Abstract]) AND (smoke[Title/Abstract] OR ""air pollution""[Title/Abstract] OR PM2.5[Title/Abstract] OR ""particulate matter""[Title/Abstract] OR plume*[Title/Abstract] OR emission*[Title/Abstract])) AND (review[Publication Type] OR systematic review[Publication Type] OR review[Title])",393,393,NCBI E-utilities ESearch/EFetch,No lower date limit; database searched through the run date.
Executed and exported,Semantic Scholar Academic Graph,SS01,Sensing and monitoring,2026-08-14,"(wildfire* | ""wildland fire"" | ""wildland fires"" | ""forest fire"" | ""forest fires"" | bushfire* | ""prescribed fire"" | ""prescribed fires"") + (smoke | plume* | ""air pollution"" | aerosol* | particulate* | PM2.5 | emission*) + (monitor* | sens* | satellite* | UAV* | drone* | robot* | ""mobile monitor"" | ""mobile sensor"")",5630,5630,Graph API /paper/search/bulk,Title/abstract Boolean search; no lower date limit; publication cutoff applied through run date.
Executed and exported,Semantic Scholar Academic Graph,SS02,Forecasting and simulation,2026-08-14,"(wildfire* | ""wildland fire"" | ""wildland fires"" | ""forest fire"" | ""forest fires"" | bushfire* | ""prescribed fire"" | ""prescribed fires"") + (smoke | plume* | PM2.5 | ""air quality"" | emission*) + (forecast* | predict* | nowcast* | dispersion | simulation | CFD | ""fire atmosphere"" | ""plume rise"" | ""data assimilation"")",3417,3417,Graph API /paper/search/bulk,Title/abstract Boolean search; no lower date limit; publication cutoff applied through run date.
Executed and exported,Semantic Scholar Academic Graph,SS03,"Tracking, mapping, and active sensing",2026-08-14,"(wildfire* | ""wildland fire"" | ""wildland fires"" | ""forest fire"" | ""forest fires"" | bushfire* | ""prescribed fire"" | ""prescribed fires"") + (smoke | plume* | perimeter* | concentration* | emission*) + (track* | locali* | mapping | ""source estimation"" | ""active sensing"" | ""path planning"" | ""reinforcement learning"" | ""multi agent"" | swarm*)",1388,1388,Graph API /paper/search/bulk,Title/abstract Boolean search; no lower date limit; publication cutoff applied through run date.
Executed and exported,Semantic Scholar Academic Graph,SS04,Operational exposure and health-risk modelling,2026-08-14,"(""wildfire smoke"" | ""wildland fire smoke"" | ""forest fire smoke"" | ""bushfire smoke"" | (wildfire* + smoke)) + (""health risk"" | exposure | vulnerab* | ""healthcare demand"" | ""public health"") + (model* | forecast* | predict* | mapping | warning | advisory | intervention | ""decision support"")",803,803,Graph API /paper/search/bulk,Title/abstract Boolean search; no lower date limit; publication cutoff applied through run date.
Executed and exported,Semantic Scholar Academic Graph,SS05,"Intervention, decision support, and governance",2026-08-14,"(""wildfire smoke"" | ""wildland fire smoke"" | ""forest fire smoke"" | ""bushfire smoke"" | (wildfire* + smoke)) + (""decision support"" | warning | alert | evacuation | intervention | ""resource allocation"" | governance | accountability | privacy | equity | ""human oversight"" | audit | redress)",536,536,Graph API /paper/search/bulk,Title/abstract Boolean search; no lower date limit; publication cutoff applied through run date.
Executed and exported,Semantic Scholar Academic Graph,SS06,Industrial and other uncontrolled fires,2026-08-14,"(""industrial fire"" | ""industrial fires"" | ""chemical fire"" | ""chemical fires"" | ""waste fire"" | ""waste fires"" | ""landfill fire"" | ""landfill fires"" | ""residential fire"" | ""residential fires"" | ""infrastructure fire"" | ""infrastructure fires"") + (""air pollution"" | smoke | plume* | emission* | particulate*) + (monitor* | model* | health | exposure | dispersion | forecast* | response)",294,294,Graph API /paper/search/bulk,Title/abstract Boolean search; no lower date limit; publication cutoff applied through run date.
Executed and exported,Semantic Scholar Academic Graph,SS07,Relevant reviews and surveys,2026-08-14,"((""wildfire smoke"" | ""wildland fire smoke"" | ""forest fire smoke"" | ""bushfire smoke"" | (wildfire* + smoke)) | ((wildfire* | ""wildland fire"" | ""wildland fires"" | ""forest fire"" | ""forest fires"" | bushfire* | ""prescribed fire"" | ""prescribed fires"") + (UAV* | drone* | forecast* | simulation))) + (review | survey | ""scoping review"" | ""systematic review"")",1300,1300,Graph API /paper/search/bulk,Title/abstract Boolean search; no lower date limit; publication cutoff applied through run date.
Executed and exported,Semantic Scholar Academic Graph,SS08,Fire-plume autonomy and learning,2026-08-14,"(wildfire* | ""wildland fire"" | ""wildland fires"" | ""forest fire"" | ""forest fires"" | bushfire* | ""prescribed fire"" | ""prescribed fires"") + (UAV* | drone* | robot* | swarm* | autonomous | ""reinforcement learning"" | ""multi agent"") + (plume* | smoke | ""air quality"" | concentration*) + (track* | mapping | monitor* | sensing | ""path planning"")",256,256,Graph API /paper/search/bulk,Title/abstract Boolean search; no lower date limit; publication cutoff applied through run date.
Executed and exported,Semantic Scholar Academic Graph,SS09,Autonomous fire-source and perimeter inputs,2026-08-14,"(wildfire* | ""wildland fire"" | ""wildland fires"" | ""forest fire"" | ""forest fires"" | bushfire* | ""prescribed fire"" | ""prescribed fires"") + (UAV* | UAS | ""unmanned aerial"" | ""uncrewed aerial"" | drone* | robot* | swarm* | autonomous | ""reinforcement learning"" | ""multi agent"") + (monitor* | track* | mapping | perimeter* | boundary | ""path planning"" | surveillance)",1800,1800,Graph API /paper/search/bulk,Title/abstract Boolean search; no lower date limit; publication cutoff applied through run date.
Executed and exported,Semantic Scholar Academic Graph,SS10,Closest wildfire-systems reviews,2026-08-14,"(wildfire* | ""wildland fire"" | ""wildland fires"" | ""forest fire"" | ""forest fires"" | bushfire* | ""prescribed fire"" | ""prescribed fires"") + (review | survey | ""scoping review"" | ""systematic review"") + (UAV* | UAS | ""unmanned aerial"" | ""uncrewed aerial"" | drone* | smoke | plume* | ""air quality"" | forecast* | simulation)",1718,1718,Graph API /paper/search/bulk,Title/abstract Boolean search; no lower date limit; publication cutoff applied through run date.
Executed and exported,Scopus,SC01,Sensing and monitoring,2026-08-14,"TITLE-ABS-KEY((wildfire* OR ""wildland fire*"" OR ""forest fire*"" OR bushfire* OR ""prescribed fire*"" OR ""industrial fire*"" OR ""chemical fire*"" OR ""waste fire*"" OR ""landfill fire*"" OR ""residential fire*"" OR ""infrastructure fire*"" OR ""uncontrolled fire*"") AND (smoke OR plume* OR ""air pollution"" OR aerosol* OR particulate* OR PM2.5 OR emission*) AND (monitor* OR sens* OR detect* OR satellite* OR UAV* OR drone* OR robot* OR ""mobile platform*"" OR ""mobile monitor*""))",6864,6864,Scopus Advanced Search via the available institution,No date or language filter; complete CSV export with 45 metadata fields.
Executed and exported,Scopus,SC02,Forecasting and simulation,2026-08-14,"TITLE-ABS-KEY((wildfire* OR ""wildland fire*"" OR ""forest fire*"" OR bushfire* OR ""prescribed fire*"" OR ""industrial fire*"" OR ""chemical fire*"" OR ""waste fire*"" OR ""landfill fire*"" OR ""residential fire*"" OR ""infrastructure fire*"" OR ""uncontrolled fire*"") AND (smoke OR plume* OR PM2.5 OR ""air quality"" OR emission*) AND (forecast* OR predict* OR nowcast* OR dispersion OR simulation OR CFD OR ""fire-atmosphere"" OR ""plume rise"" OR ""data assimilation""))",3315,3315,Scopus Advanced Search via the available institution,No date or language filter; complete CSV export with 45 metadata fields.
Executed and exported,Scopus,SC03,"Tracking, mapping, and active sensing",2026-08-14,"TITLE-ABS-KEY((wildfire* OR ""wildland fire*"" OR ""forest fire*"" OR bushfire* OR ""prescribed fire*"" OR ""industrial fire*"" OR ""chemical fire*"" OR ""waste fire*"" OR ""landfill fire*"" OR ""residential fire*"" OR ""infrastructure fire*"" OR ""uncontrolled fire*"") AND (smoke OR plume* OR perimeter* OR concentration* OR emission*) AND (track* OR locali* OR mapping OR ""source estimation"" OR ""active sensing"" OR ""path planning"" OR ""reinforcement learning"" OR ""multi-agent"" OR swarm*))",1382,1382,Scopus Advanced Search via the available institution,No date or language filter; complete CSV export with 45 metadata fields.
Executed and exported,Scopus,SC04,Exposure and health,2026-08-14,"TITLE-ABS-KEY((wildfire* OR ""wildland fire*"" OR ""forest fire*"" OR bushfire* OR ""prescribed fire*"" OR ""industrial fire*"" OR ""chemical fire*"" OR ""waste fire*"" OR ""landfill fire*"" OR ""residential fire*"" OR ""infrastructure fire*"" OR ""uncontrolled fire*"") AND (smoke OR ""air pollution"" OR PM2.5 OR particulate* OR exposure) AND (health OR mortality OR morbidity OR hospital* OR ""emergency department"" OR respiratory OR cardiovascular OR vulnerability OR ""health risk"" OR ""healthcare demand""))",4140,4140,Scopus Advanced Search via the available institution,No date or language filter; complete CSV export with 45 metadata fields.
Executed and exported,Scopus,SC05,"Intervention, decision support, and governance",2026-08-14,"TITLE-ABS-KEY((wildfire* OR ""wildland fire*"" OR ""forest fire*"" OR bushfire* OR ""prescribed fire*"" OR ""industrial fire*"" OR ""chemical fire*"" OR ""waste fire*"" OR ""landfill fire*"" OR ""residential fire*"" OR ""infrastructure fire*"" OR ""uncontrolled fire*"") AND (smoke OR plume* OR ""air quality"" OR exposure OR pollution) AND (""decision support"" OR warning OR alert OR evacuation OR intervention OR ""resource allocation"" OR governance OR accountability OR privacy OR equity OR ""human oversight"" OR audit OR redress))",1396,1396,Scopus Advanced Search via the available institution,No date or language filter; complete CSV export with 45 metadata fields.
Executed and exported,Scopus,SC06,Reviews and surveys,2026-08-14,"TITLE-ABS-KEY((wildfire* OR ""wildland fire*"" OR ""forest fire*"" OR bushfire* OR ""prescribed fire*"" OR ""industrial fire*"" OR ""chemical fire*"" OR ""waste fire*"" OR ""landfill fire*"" OR ""residential fire*"" OR ""infrastructure fire*"" OR ""uncontrolled fire*"") AND (smoke OR plume* OR ""air quality"" OR UAV* OR drone* OR forecast* OR simulation OR health) AND (review OR survey OR ""scoping review"" OR ""systematic review""))",2666,2666,Scopus Advanced Search via the available institution,No date or language filter; complete CSV export with 45 metadata fields.
Executed — complete export validated,ACM Digital Library,AC01,Sensing and monitoring,2026-08-21,"(wildfire* OR ""wildland fire*"" OR ""forest fire*"" OR bushfire* OR ""prescribed fire*"" OR ""industrial fire*"" OR ""chemical fire*"" OR ""waste fire*"" OR ""landfill fire*"" OR ""residential fire*"" OR ""infrastructure fire*"" OR ""uncontrolled fire*"") AND (smoke OR plume* OR ""air pollution"" OR aerosol* OR particulate* OR PM2.5 OR emission*) AND (monitor* OR sens* OR detect* OR satellite* OR UAV* OR drone* OR robot* OR ""mobile platform*"" OR ""mobile monitor*"")",3047,3047,ACM Digital Library advanced search; non-overlapping publication-date filters; BibTeX export,"Complete: 3,047 entries across 1950–2015, 2016–2022, 2023–2024, and 2025–2026 publication-date batches. Exported entries exactly match displayed totals. ACM interface publication dates were used for batching; 156 records have a BibTeX year outside the selected interface band, mostly proceedings/event-year metadata, with no cross-batch duplicate overlap."
Executed — complete export validated,ACM Digital Library,AC02,Forecasting and simulation,2026-08-21,"(wildfire* OR ""wildland fire*"" OR ""forest fire*"" OR bushfire* OR ""prescribed fire*"" OR ""industrial fire*"" OR ""chemical fire*"" OR ""waste fire*"" OR ""landfill fire*"" OR ""residential fire*"" OR ""infrastructure fire*"" OR ""uncontrolled fire*"") AND (smoke OR plume* OR PM2.5 OR ""air quality"" OR emission*) AND (forecast* OR predict* OR nowcast* OR dispersion OR simulation OR CFD OR ""fire-atmosphere"" OR ""plume rise"" OR ""data assimilation"")",2989,2989,ACM Digital Library advanced search; non-overlapping publication-date filters; BibTeX export,"Complete: 2,989 entries across 1950–2019, 2020–2023, 2024–2025, and 2026 publication-date batches. Exported entries exactly match displayed totals. ACM interface publication dates were used for batching; 156 records have a BibTeX year outside the selected interface band, mostly proceedings/event-year metadata, with no cross-batch duplicate overlap."
Executed — complete export validated,ACM Digital Library,AC03,"Tracking, mapping, and active sensing",2026-08-21,"(wildfire* OR ""wildland fire*"" OR ""forest fire*"" OR bushfire* OR ""prescribed fire*"" OR ""industrial fire*"" OR ""chemical fire*"" OR ""waste fire*"" OR ""landfill fire*"" OR ""residential fire*"" OR ""infrastructure fire*"" OR ""uncontrolled fire*"") AND (smoke OR plume* OR perimeter* OR concentration* OR emission*) AND (track* OR locali* OR mapping OR ""source estimation"" OR ""active sensing"" OR ""path planning"" OR ""reinforcement learning"" OR ""multi-agent"" OR swarm*)",6814,6814,ACM Digital Library advanced search; non-overlapping publication-date filters; BibTeX export,"Complete: 6,814 entries across 1950–2010, 2011–2015, 2016–2019, 2020–2021, and single-year 2022, 2023, 2024, 2025, and 2026 batches. Exported entries exactly match displayed totals. ACM interface publication dates were used for batching; 156 records have a BibTeX year outside the selected interface band, mostly proceedings/event-year metadata, with no cross-batch duplicate overlap."
Executed — complete export validated,ACM Digital Library,AC04,Exposure and health,2026-08-21,"(wildfire* OR ""wildland fire*"" OR ""forest fire*"" OR bushfire* OR ""prescribed fire*"" OR ""industrial fire*"" OR ""chemical fire*"" OR ""waste fire*"" OR ""landfill fire*"" OR ""residential fire*"" OR ""infrastructure fire*"" OR ""uncontrolled fire*"") AND (smoke OR ""air pollution"" OR PM2.5 OR particulate* OR exposure) AND (health OR mortality OR morbidity OR hospital* OR ""emergency department"" OR respiratory OR cardiovascular OR vulnerability OR ""health risk"" OR ""healthcare demand"")",3305,3305,ACM Digital Library advanced search; non-overlapping publication-date filters; BibTeX export,"Complete: 3,305 entries across 1950–2018, 2019–2022, 2023–2024, and 2025–2026 interface publication-date batches. Exported entries exactly match displayed totals. Across AC04-AC06, 162 BibTeX year values fall outside the selected interface band, with zero within-query cross-batch duplicate overlap; both dates are retained."
Executed — complete export validated,ACM Digital Library,AC05,"Intervention, decision support, and governance",2026-08-21,"(wildfire* OR ""wildland fire*"" OR ""forest fire*"" OR bushfire* OR ""prescribed fire*"" OR ""industrial fire*"" OR ""chemical fire*"" OR ""waste fire*"" OR ""landfill fire*"" OR ""residential fire*"" OR ""infrastructure fire*"" OR ""uncontrolled fire*"") AND (smoke OR plume* OR ""air quality"" OR exposure OR pollution) AND (""decision support"" OR warning OR alert OR evacuation OR intervention OR ""resource allocation"" OR governance OR accountability OR privacy OR equity OR ""human oversight"" OR audit OR redress)",4025,4025,ACM Digital Library advanced search; non-overlapping publication-date filters; BibTeX export,"Complete: 4,025 entries across 1950–2015, 2016–2021, 2022–2023, 2024, and 2025–2026 interface publication-date batches. Exported entries exactly match displayed totals. Across AC04-AC06, 162 BibTeX year values fall outside the selected interface band, with zero within-query cross-batch duplicate overlap; both dates are retained."
Executed — complete export validated,ACM Digital Library,AC06,Reviews and surveys,2026-08-21,"(wildfire* OR ""wildland fire*"" OR ""forest fire*"" OR bushfire* OR ""prescribed fire*"" OR ""industrial fire*"" OR ""chemical fire*"" OR ""waste fire*"" OR ""landfill fire*"" OR ""residential fire*"" OR ""infrastructure fire*"" OR ""uncontrolled fire*"") AND (smoke OR plume* OR ""air quality"" OR UAV* OR drone* OR forecast* OR simulation OR health) AND (review OR survey OR ""scoping review"" OR ""systematic review"")",8548,8548,ACM Digital Library advanced search; non-overlapping publication-date filters; BibTeX export,"Complete: 8,548 entries across 1950–2009, 2010–2013, 2014–2016, 2017–2019, 2020–2021, and single-year 2022–2026 interface publication-date batches. Exported entries exactly match displayed totals. Across AC04-AC06, 162 BibTeX year values fall outside the selected interface band, with zero within-query cross-batch duplicate overlap; both dates are retained."
Executed — complete export validated,IEEE Xplore,IX01,Sensing and monitoring,2026-08-21,"All Metadata: (wildfire OR wildfires OR ""wildland fire"" OR ""wildland fires"" OR ""forest fire"" OR ""forest fires"" OR bushfire OR bushfires OR ""prescribed fire"" OR ""prescribed fires"" OR ""industrial fire"" OR ""chemical fire"" OR ""waste fire"" OR ""landfill fire"" OR ""residential fire"" OR ""infrastructure fire"" OR ""uncontrolled fire"") AND All Metadata: (smoke OR plume OR plumes OR ""air pollution"" OR aerosol OR aerosols OR particulate OR particulates OR PM2.5 OR emission OR emissions) AND All Metadata: (monitor OR monitoring OR sensor OR sensors OR sensing OR detect OR detection OR satellite OR satellites OR UAV OR UAVs OR drone OR drones OR robot OR robots OR ""mobile platform"" OR ""mobile platforms"" OR ""mobile monitoring"")",1118,1118,IEEE Xplore Advanced Search; three All Metadata rows; CSV export,"Zero wildcards; no date/language filter. Split into non-overlapping 1957–2014 (211) and 2015–2026 (907) exports because of the 1,000-record cap."
Executed — complete export validated,IEEE Xplore,IX02,Forecasting and simulation,2026-08-21,"All Metadata: (wildfire OR wildfires OR ""wildland fire"" OR ""wildland fires"" OR ""forest fire"" OR ""forest fires"" OR bushfire OR bushfires OR ""prescribed fire"" OR ""prescribed fires"" OR ""industrial fire"" OR ""chemical fire"" OR ""waste fire"" OR ""landfill fire"" OR ""residential fire"" OR ""infrastructure fire"" OR ""uncontrolled fire"") AND All Metadata: (smoke OR plume OR plumes OR PM2.5 OR ""air quality"" OR emission OR emissions) AND All Metadata: (forecast OR forecasting OR predict OR prediction OR nowcast OR nowcasting OR dispersion OR simulation OR CFD OR ""fire-atmosphere"" OR ""plume rise"" OR ""data assimilation"")",370,370,IEEE Xplore Advanced Search; three All Metadata rows; CSV export,Zero wildcards; no date/language filter. Single complete export.
Executed — complete export validated,IEEE Xplore,IX03,"Tracking, mapping, and active sensing",2026-08-21,"All Metadata: (wildfire OR wildfires OR ""wildland fire"" OR ""wildland fires"" OR ""forest fire"" OR ""forest fires"" OR bushfire OR bushfires OR ""prescribed fire"" OR ""prescribed fires"" OR ""industrial fire"" OR ""chemical fire"" OR ""waste fire"" OR ""landfill fire"" OR ""residential fire"" OR ""infrastructure fire"" OR ""uncontrolled fire"") AND All Metadata: (smoke OR plume OR plumes OR perimeter OR perimeters OR concentration OR concentrations OR emission OR emissions) AND All Metadata: (track OR tracking OR localization OR localisation OR mapping OR ""source estimation"" OR ""active sensing"" OR ""path planning"" OR ""reinforcement learning"" OR ""multi-agent"" OR swarm OR swarms)",444,444,IEEE Xplore Advanced Search; three All Metadata rows; CSV export,Zero wildcards; no date/language filter. Single complete export.
Executed — complete export validated,IEEE Xplore,IX04,Exposure and health,2026-08-21,"All Metadata: (wildfire OR wildfires OR ""wildland fire"" OR ""wildland fires"" OR ""forest fire"" OR ""forest fires"" OR bushfire OR bushfires OR ""prescribed fire"" OR ""prescribed fires"" OR ""industrial fire"" OR ""chemical fire"" OR ""waste fire"" OR ""landfill fire"" OR ""residential fire"" OR ""infrastructure fire"" OR ""uncontrolled fire"") AND All Metadata: (smoke OR ""air pollution"" OR PM2.5 OR particulate OR particulates OR exposure) AND All Metadata: (health OR mortality OR morbidity OR hospital OR hospitals OR ""emergency department"" OR respiratory OR cardiovascular OR vulnerability OR ""health risk"" OR ""healthcare demand"")",144,144,IEEE Xplore Advanced Search; three All Metadata rows; CSV export,Zero wildcards; no date/language filter. Single complete export.
Executed — complete export validated,IEEE Xplore,IX05,"Intervention, decision support, and governance",2026-08-21,"All Metadata: (wildfire OR wildfires OR ""wildland fire"" OR ""wildland fires"" OR ""forest fire"" OR ""forest fires"" OR bushfire OR bushfires OR ""prescribed fire"" OR ""prescribed fires"" OR ""industrial fire"" OR ""chemical fire"" OR ""waste fire"" OR ""landfill fire"" OR ""residential fire"" OR ""infrastructure fire"" OR ""uncontrolled fire"") AND All Metadata: (smoke OR plume OR plumes OR ""air quality"" OR exposure OR pollution) AND All Metadata: (""decision support"" OR warning OR warnings OR alert OR alerts OR evacuation OR intervention OR interventions OR ""resource allocation"" OR governance OR accountability OR privacy OR equity OR ""human oversight"" OR audit OR redress)",296,296,IEEE Xplore Advanced Search; three All Metadata rows; CSV export,Zero wildcards; no date/language filter. Single complete export.
Executed — complete export validated,IEEE Xplore,IX06,Reviews and surveys,2026-08-21,"All Metadata: (wildfire OR wildfires OR ""wildland fire"" OR ""wildland fires"" OR ""forest fire"" OR ""forest fires"" OR bushfire OR bushfires OR ""prescribed fire"" OR ""prescribed fires"" OR ""industrial fire"" OR ""chemical fire"" OR ""waste fire"" OR ""landfill fire"" OR ""residential fire"" OR ""infrastructure fire"" OR ""uncontrolled fire"") AND All Metadata: (smoke OR plume OR plumes OR ""air quality"" OR UAV OR UAVs OR drone OR drones OR forecast OR forecasting OR simulation OR health) AND All Metadata: (review OR reviews OR survey OR surveys OR ""scoping review"" OR ""systematic review"")",222,222,IEEE Xplore Advanced Search; three All Metadata rows; CSV export,Zero wildcards; no date/language filter. Single complete export.
Planned source unavailable; not searched,Web of Science Core Collection,WS-UNAVAILABLE,All six concept families,2026-08-14,Not executed,Not applicable,0,the available institution database access,Author reported no access to Web of Science Core Collection; this is not a zero-result search.
Validation only; excluded from identification counts,OpenAlex Works API,OA-PILOT,Cross-disciplinary sentinel validation,2026-08-14,Nine concept-family title/abstract queries; see protocol and archived scripts,Not used,0,Works API,Anonymous daily API budget returned HTTP 429 before a complete formal export. No partial OpenAlex records enter the PRISMA counts.
Pilot only; excluded from identification counts,arXiv API,AX-PILOT,Recent technical preprints,2026-08-14,"all:""wildfire smoke"" AND (all:monitoring OR all:sensing OR all:forecasting OR all:dispersion OR all:prediction)",Not obtained,0,export.arxiv.org API,Pilot returned HTTP 429. Preprints indexed by Semantic Scholar remain discoverable and are labelled by version/status.
