Matrix,Evidence_or_function,Supporting_Record_IDs,Supporting_Citation_Keys,Support_Basis_and_Boundary
Operational requirements,Fixed monitoring networks,R00331; R06871,,"Representative traceability anchors for the qualitative D/P/N/NA judgement; codes are synthesis judgements about material treatment, not extracted effect sizes or exhaustive study counts."
Operational requirements,Satellite and remote sensing,R06483; R04135,,"Representative traceability anchors for the qualitative D/P/N/NA judgement; codes are synthesis judgements about material treatment, not extracted effect sizes or exhaustive study counts."
Operational requirements,Crewed mobile and community sensing,R02854,degroot2025snuffelfiets; sengar2025uavairquality,"Representative traceability anchors for the qualitative D/P/N/NA judgement; codes are synthesis judgements about material treatment, not extracted effect sizes or exhaustive study counts. Crewed and bicycle examples are adjacent-domain transfer evidence."
Operational requirements,Incident mobile or UAV sensing,R04687; R08541; R04864; R00200; R00216; R00217,boroujeni2024uasreview,"Representative traceability anchors for the qualitative D/P/N/NA judgement; codes are synthesis judgements about material treatment, not extracted effect sizes or exhaustive study counts."
Operational requirements,Operational smoke and dispersion models,R04135; R04403; R06778; R00182; R03495; R06315; R07402,,"Representative traceability anchors for the qualitative D/P/N/NA judgement; codes are synthesis judgements about material treatment, not extracted effect sizes or exhaustive study counts."
Technical evidence,Fault-tolerant UAV monitoring,R04687,hu2022faulttolerant,"Representative traceability anchors for the qualitative D/P/N/NA judgement; codes are synthesis judgements about material treatment, not extracted effect sizes or exhaustive study counts."
Technical evidence,PyroTrack belief-state planning,R08541,khoshdel2024pyrotrack,"Representative traceability anchors for the qualitative D/P/N/NA judgement; codes are synthesis judgements about material treatment, not extracted effect sizes or exhaustive study counts."
Technical evidence,FIRE-VLM fire tracking,R04864,webb2026firevlm,"Representative traceability anchors for the qualitative D/P/N/NA judgement; codes are synthesis judgements about material treatment, not extracted effect sizes or exhaustive study counts."
Technical evidence,Observation-coupled smoke forecasting,R04135,clough2025wrfx,"Representative traceability anchors for the qualitative D/P/N/NA judgement; codes are synthesis judgements about material treatment, not extracted effect sizes or exhaustive study counts."
Technical evidence,Wildfire PM mapping and forecasting,R08285; R09930; R15639; R01686,yu2024canadian,"Representative traceability anchors for the qualitative D/P/N/NA judgement; codes are synthesis judgements about material treatment, not extracted effect sizes or exhaustive study counts."
Health evidence,Canadian-smoke exposure and equity mapping,R01686,yu2024canadian,"Representative traceability anchors for the qualitative D/P/N/NA judgement; codes are synthesis judgements about material treatment, not extracted effect sizes or exhaustive study counts."
Health evidence,Community wildfire-smoke risk communication,R16203,chalgren2026connection,"Representative traceability anchors for the qualitative D/P/N/NA judgement; codes are synthesis judgements about material treatment, not extracted effect sizes or exhaustive study counts."
Health evidence,Rural Alaska community sensing,R02854,corteses2026alaska,"Representative traceability anchors for the qualitative D/P/N/NA judgement; codes are synthesis judgements about material treatment, not extracted effect sizes or exhaustive study counts."
Health evidence,Controlled DIY air-cleaner evaluation,R14150,stinson2024aircleaner,"Representative traceability anchors for the qualitative D/P/N/NA judgement; codes are synthesis judgements about material treatment, not extracted effect sizes or exhaustive study counts."
Governance evidence,General AI and health governance,,guidance2021ethics; wagner2024ai; ulnicane2021framing; de2021artificial; eu2016gdpr; edpb2020consent,"Representative traceability anchors for the qualitative D/P/N/NA judgement; codes are synthesis judgements about material treatment, not extracted effect sizes or exhaustive study counts. These are external normative or legal sources, not fire-deployment validation."
Governance evidence,Operational fire-UAS evidence,R04687; R08541; R04864; R00200; R00216; R00217,boroujeni2024uasreview,"Representative traceability anchors for the qualitative D/P/N/NA judgement; codes are synthesis judgements about material treatment, not extracted effect sizes or exhaustive study counts."
Governance evidence,Community smoke monitoring and communication,R02854; R16203; R02234; R04096,corteses2026alaska; chalgren2026connection,"Representative traceability anchors for the qualitative D/P/N/NA judgement; codes are synthesis judgements about material treatment, not extracted effect sizes or exhaustive study counts."
Governance evidence,Operational fire and smoke model evaluation,R04135; R04403; R06778; R00182; R03495; R06315; R07402,clough2025wrfx; mallia2020smoketransport,"Representative traceability anchors for the qualitative D/P/N/NA judgement; codes are synthesis judgements about material treatment, not extracted effect sizes or exhaustive study counts."
Cross-pipeline gaps,Observation and sensing,R00331; R06483; R06871; R02854; R04687,corteses2026alaska,"Representative traceability anchors for the qualitative D/P/N/NA judgement; codes are synthesis judgements about material treatment, not extracted effect sizes or exhaustive study counts."
Cross-pipeline gaps,Source-state estimation,R04687; R08541; R04864; R00200; R00216; R00217,hu2022faulttolerant; khoshdel2024pyrotrack; webb2026firevlm,"Representative traceability anchors for the qualitative D/P/N/NA judgement; codes are synthesis judgements about material treatment, not extracted effect sizes or exhaustive study counts."
Cross-pipeline gaps,Smoke-concentration forecasting,R04135; R04403; R00182; R03495; R06315; R07402; R08285; R09930; R15639,clough2025wrfx; mallia2020smoketransport,"Representative traceability anchors for the qualitative D/P/N/NA judgement; codes are synthesis judgements about material treatment, not extracted effect sizes or exhaustive study counts."
Cross-pipeline gaps,Exposure and health interpretation,R01686; R01724; R00664; R11799; R02858,yu2024canadian,"Representative traceability anchors for the qualitative D/P/N/NA judgement; codes are synthesis judgements about material treatment, not extracted effect sizes or exhaustive study counts."
Cross-pipeline gaps,Human decision and communication,R16203; R02854; R02234; R04096; R07402,chalgren2026connection; corteses2026alaska,"Representative traceability anchors for the qualitative D/P/N/NA judgement; codes are synthesis judgements about material treatment, not extracted effect sizes or exhaustive study counts."
Cross-pipeline gaps,Protective intervention,R14150; R05530,stinson2024aircleaner,"Representative traceability anchors for the qualitative D/P/N/NA judgement; codes are synthesis judgements about material treatment, not extracted effect sizes or exhaustive study counts."
Cross-pipeline gaps,Governance and assurance (cross-cutting),R00166; R02858; R08381; R02234; R04096,guidance2021ethics; wagner2024ai; ulnicane2021framing; de2021artificial,"Representative traceability anchors for the qualitative D/P/N/NA judgement; codes are synthesis judgements about material treatment, not extracted effect sizes or exhaustive study counts."
