Citation_Key,Occurrences,Title,Year,DOI_or_URL,Source_Files,Record_IDs,Corpus_Relation,Evidence_Role,Claim_Boundary,Audit_Status,Audit_Note
alharbi2021firefighter,2,Firefighter exposures to organic and inorganic gas emissions in emergency residential and industrial fires,2021,10.1016/j.scitotenv.2021.145332,sections/health_risk_modelling.tex; sections/risks.tex,R04875,Primary included corpus,Direct fire-specific evidence,"Supports firefighter gas-exposure differences in the sampled incidents; it does not establish ambient community plume exposure, autonomous sensing, or causal long-term health outcomes.",Source-content checked,Underlying publisher/DOI/official source was opened and the manuscript use was checked within the stated claim boundary.
baggio2022local,2,Local to continental scale coupled fire-atmosphere simulation of large industrial fire plume,2022,10.1016/j.firesaf.2022.103699,sections/autonomous_systems.tex,R06778,Primary included corpus,Direct fire-specific evidence,Supports Meso-NH--ForeFire multiscale industrial-fire plume modelling; idealised CFD comparison and mesh sensitivity; real-case Lubrizol application; qualitatively realistic faster-than-real-time workflow; quantitative physicochemical prediction left for future work.,Source-content checked,Verification result: Supported. Source route: Publisher abstract and HAL full-text record (DOI 10.1016/j.firesaf.2022.103699). No manuscript change was required.
bazzano2025ai,1,AI Can Be a Powerful Social Innovation for Public Health if Community Engagement Is at the Core,2025,10.2196/68198,sections/governance.tex,,External governance or public-health guidance,External authority/context; not primary synthesis evidence,Transferred governance context; not fire-specific validation and not counted in the 562-report primary corpus.,Source-content checked,Underlying publisher/DOI/official source was opened and the manuscript use was checked within the stated claim boundary.
bihalowicz2021contribution,1,Contribution of landfill fires to air pollution--An assessment methodology,2021,10.1016/j.wasman.2021.02.046,sections/introduction.tex,R03043,Primary included corpus,Direct fire-specific evidence,Supports statistical emissions estimation from 79 Polish waste fires and HYSPLIT-based PM10 exposure estimation for one large fire. It does not report the manuscript's broad claim of identified concentration errors due to meteorology terrain timing and model structure.,Source-content checked,Verification result: Correction required. Source route: PubMed publisher-linked abstract (PMID 33711733; DOI 10.1016/j.wasman.2021.02.046). The corresponding manuscript wording/attribution correction was applied: Rewrite the sentence to describe event-specific emissions/dispersion assumptions and estimated exposure without attributing a concentration-error evaluation to this paper.
boaggio2022beyond,2,Beyond particulate matter mass: heightened levels of lead and other pollutants associated with destructive fire events in California,2022,10.1021/acs.est.2c02099,sections/risks.tex,R02080,Contextual outside primary corpus,Fire-specific interface or background evidence,Supports wildfire and destructive WUI-fire PM2.5 chemical composition differences and fire-specific elevation of trace metals including lead associated with burned infrastructure.,Source-content checked,Verification result: Supported. Source route: PubMed/PMC full-text record (PMID 36191257; PMCID PMC10111611; DOI 10.1021/acs.est.2c02099). No manuscript change was required.
boroujeni2024uasreview,3,"A comprehensive survey of research towards AI-enabled unmanned aerial systems in pre-, active-, and post-wildfire management",2024,10.1016/j.inffus.2024.102369,sections/governance.tex; sections/introduction.tex,R00168,Primary included corpus,Evidence synthesis or guidance,Supports scope comparison: AI-enabled UAV systems across pre-fire active-fire and post-fire wildfire management including sensing monitoring modelling control and operational planning. The manuscript appropriately treats it as review-level evidence rather than primary deployment validation.,Source-content checked,Verification result: Supported. Source route: Publisher record and author manuscript (arXiv 2401.02456; DOI 10.1016/j.inffus.2024.102369). No manuscript change was required.
burke2021changing,1,The changing risk and burden of wildfire in the United States,2021,10.1073/pnas.2011048118,sections/risks.tex,R10350,Primary included corpus,Direct fire-specific evidence,Supports only the fire-specific task and evaluation setting described in the report; detailed coding has completeness reported in the field-level audit.,Source-content checked,Underlying publisher/DOI/official source was opened and the manuscript use was checked within the stated claim boundary.
chalgren2026connection,4,Protection Through Connection: Community Wildfire Smoke Risk Perceptions and Communication Channels,2026,10.1002/cli2.70052,sections/governance.tex; sections/health_risk_modelling.tex,R16203,Primary included corpus,Fire-specific interface or background evidence,"Supports design requirements for equitable, trusted and feasible wildfire-smoke communication. It does not demonstrate that a specific AI alert or governance mechanism changes behaviour.",Source-content checked,Underlying publisher/DOI/official source was opened and the manuscript use was checked within the stated claim boundary.
chen2021cardiovascular,1,Cardiovascular health impacts of wildfire smoke exposure,2021,10.1186/s12989-020-00394-8,sections/risks.tex,R02395,Contextual outside primary corpus,Fire-specific interface or background evidence,Supports wildfire-smoke composition as PM gases volatile/semi-volatile organics aldehydes PAHs and metals; also supports heterogeneous cardiovascular effects and susceptible populations. The co-cited Boaggio paper supplies the WUI infrastructure-metal example.,Source-content checked,Verification result: Supported. Source route: Open-access publisher full text (DOI 10.1186/s12989-020-00394-8). No manuscript change was required.
chen2023using,3,Using drone soundings to study the impacts and compositions of plumes from a gigantic coal-fired power plant,2023,10.1016/j.scitotenv.2023.164709,figures/platform_sensor_matrix.tex; sections/autonomous_systems.tex,R11327,Contextual outside primary corpus,Transferred adjacent-domain evidence,Manuscript-used context outside the primary corpus; not counted as primary synthesis evidence. Not counted as primary synthesis evidence.,Source-content checked,Underlying publisher/DOI/official source was opened and the manuscript use was checked within the stated claim boundary.
clements2024comparing,2,Comparing large-eddy simulation and Gaussian plume model to sensor measurements of an urban smoke plume,2024,10.3390/atmos15091089,sections/autonomous_systems.tex,R02885,Contextual outside primary corpus,Transferred adjacent-domain evidence,Manuscript-used context outside the primary corpus; not counted as primary synthesis evidence. Not counted as primary synthesis evidence.,Source-content checked,Underlying publisher/DOI/official source was opened and the manuscript use was checked within the stated claim boundary.
clough2025wrfx,4,Enhancing Wildfire and Smoke Forecasting by Integrating Fire Observations: A Comparative Analysis of Methods for Integrating Infrared and Satellite Data Into a Coupled Fire-Atmosphere Model,2025,10.1029/2024JD042561,sections/autonomous_systems.tex,R04135,Primary included corpus,Direct fire-specific evidence,Supports the reported WRFx initialization comparison for one wildfire and its 24-48-hour forecast setting; it does not establish universal superiority or fully operational deployment.,Source-content checked,Underlying publisher/DOI/official source was opened and the manuscript use was checked within the stated claim boundary.
corbett2023power,1,Power and public participation in AI,2023,10.1145/3617694.3623228,sections/governance.tex,,External governance or public-health guidance,External authority/context; not primary synthesis evidence,Uses the ladder of citizen participation to analyse participatory AI and argues that meaningful participation must address power and decision influence. This supports the manuscript's deliberately transferred governance context.,Source-content checked,Verification result: Supported. Source route: ACM full-text record (DOI 10.1145/3617694.3623228). No manuscript change was required.
corteses2026alaska,5,Community-based low-cost air monitoring for wildfire smoke resilience: an implementation science evaluation in rural Alaska,2026,10.1088/2752-5309/ae6aca,sections/governance.tex; sections/health_risk_modelling.tex,R02854,Primary included corpus,Direct fire-specific evidence,"Supports implementation barriers/facilitators and the observation-to-action gap in the sampled rural Alaska networks. It does not establish sensor accuracy, causal health protection, automated decision effectiveness or transferability to all rural settings.",Source-content checked,Underlying publisher/DOI/official source was opened and the manuscript use was checked within the stated claim boundary.
cruz2013uncertainty,6,Uncertainty associated with model predictions of surface and crown fire rates of spread,2013,10.1016/j.envsoft.2013.04.004,sections/autonomous_systems.tex; sections/governance.tex; sections/introduction.tex; sections/methodology.tex; sections/risks.tex,R19279,Primary included corpus,Fire-specific interface or background evidence,Compilation of 49 evaluation datasets and 1278 observations reports heterogeneous errors and underprediction in operational fire-spread models; supports the bounded source-state uncertainty claims and not smoke or health claims.,Source-content checked,Verification result: Supported. Source route: Publisher abstract and FRAMES research record/full-text link (DOI 10.1016/j.envsoft.2013.04.004). No manuscript change was required.
cunningham2024increasing,2,Increasing frequency and intensity of the most extreme wildfires on Earth,2024,10.1038/s41559-024-02452-2,sections/introduction.tex; sections/risks.tex,R06131,Contextual outside primary corpus,Fire-specific interface or background evidence,Manuscript-used context outside the primary corpus; not counted as primary synthesis evidence. Not counted as primary synthesis evidence.,Source-content checked,Underlying publisher/DOI/official source was opened and the manuscript use was checked within the stated claim boundary.
de2021artificial,4,Artificial intelligence regulation: a framework for governance,2021,10.1007/s10676-021-09593-z,sections/governance.tex,,External governance or public-health guidance,External authority/context; not primary synthesis evidence,Develops a stakeholder-aware AI-regulation framework spanning policy stages and emphasising dialogue and socially legitimated values. This supports the manuscript's transferred governance framing.,Source-content checked,Verification result: Supported. Source route: Publisher article page (DOI 10.1007/s10676-021-09593-z). No manuscript change was required.
deary2021novel,2,A novel approach to the development of 1-hour threshold concentrations for exposure to particulate matter during episodic air pollution events,2021,10.1016/j.jhazmat.2021.126334,sections/health_risk_modelling.tex; sections/risks.tex,R00424,Contextual outside primary corpus,Fire-specific interface or background evidence,Manuscript-used context outside the primary corpus; not counted as primary synthesis evidence. Not counted as primary synthesis evidence.,Source-content checked,Underlying publisher/DOI/official source was opened and the manuscript use was checked within the stated claim boundary.
deary2024impact,2,"The Impact of Air Pollution from Industrial Fires in Urban Settings: Monitoring, Modelling, Health, and Environmental Justice Perspectives",2024,10.3390/environments11070157,sections/risks.tex,R10520,Primary included corpus,Direct fire-specific evidence,Reviews industrial-fire emissions monitoring dispersion modelling health and environmental justice; describes AQinMI and the use of modelling to guide plume trajectories monitoring and exposure interpretation. Supports the manuscript's bounded review-level uses.,Source-content checked,Verification result: Supported. Source route: Open-access publisher record/full text (DOI 10.3390/environments11070157). No manuscript change was required.
degroot2025snuffelfiets,2,What Do Teachers Need to Bring Citizen Science into the Classroom? Lessons Learned from the Snuffelfiets Project,2025,10.1007/978-3-031-99298-8_8,figures/platform_sensor_matrix.tex; sections/autonomous_systems.tex,R11556,Contextual outside primary corpus,Transferred adjacent-domain evidence,Directly describes Snuffelfiets as bicycle-based citizen air-quality sensing and reports facilitator support engagement knowledge and organisational needs. The manuscript correctly labels it adjacent-domain community evidence.,Source-content checked,Verification result: Supported. Source route: Utrecht University accepted/final chapter record and abstract (DOI 10.1007/978-3-031-99298-8_8). No manuscript change was required.
edpb2020consent,1,Guidelines 05/2020 on consent under Regulation 2016/679,2020,https://www.edpb.europa.eu/documents/guideline/guidelines-052020-on-consent-under-regulation-2016679_en,sections/governance.tex,,External regulatory guidance,External authority/context; not primary synthesis evidence,Consent guidance used to bound emergency-consent claims; not empirical fire-deployment evidence.,Source-content checked,Underlying publisher/DOI/official source was opened and the manuscript use was checked within the stated claim boundary.
efimova2021assessment,2,Assessment of Smoke Pollution Caused by Wildfires in the Baikal Region (Russia),2021,10.3390/atmos12121542,sections/introduction.tex; sections/risks.tex,R01787,Primary included corpus,Direct fire-specific evidence,Supports severe 2021 Baikal smoke episodes pollutant increases health risk long-range exposure and use of remote sensing. It does not establish the generic satellite-product limitations in latency coverage and vertical information attributed to the citation group in the introduction.,Source-content checked,Verification result: Partial correction required. Source route: Publisher-indexed full abstract (DOI 10.3390/atmos12121542). The corresponding manuscript wording/attribution correction was applied: Retain for fire-smoke extent pollution and regional-event claims; remove this key from the introduction's generic satellite-limitations citation group.
eu2016gdpr,1,Regulation (EU) 2016/679 of the European Parliament and of the Council,2016,https://eur-lex.europa.eu/eli/reg/2016/679/oj,sections/governance.tex,,External legal authority,External authority/context; not primary synthesis evidence,Primary legal authority for data-protection requirements; not empirical fire-deployment evidence.,Source-content checked,Underlying publisher/DOI/official source was opened and the manuscript use was checked within the stated claim boundary.
fann2018health,1,The health impacts and economic value of wildland fire episodes in the U.S.: 2008--2012,2018,10.1016/j.scitotenv.2017.08.024,sections/risks.tex,R10504,Contextual outside primary corpus,Fire-specific interface or background evidence,Manuscript-used context outside the primary corpus; not counted as primary synthesis evidence. Not counted as primary synthesis evidence.,Source-content checked,Underlying publisher/DOI/official source was opened and the manuscript use was checked within the stated claim boundary.
francis2022gassource,2,Gas source localization and mapping with mobile robots: A review,2022,10.1002/rob.22109,sections/introduction.tex,R05297,Contextual outside primary corpus,Transferred adjacent-domain evidence,Comprehensive review of ground and aerial mobile robots for gas-source localisation and gas-distribution mapping in controlled and uncontrolled environments; does not extend to wildfire health action. Supports the scope-comparison row exactly.,Source-content checked,Verification result: Supported. Source route: Wiley full-text article (DOI 10.1002/rob.22109). No manuscript change was required.
gaalfalk2021sensitive,1,Sensitive drone mapping of methane emissions without the need for supplementary ground-based measurements,2021,10.1021/acsearthspacechem.1c00106,sections/autonomous_systems.tex,R09428,Contextual outside primary corpus,Transferred adjacent-domain evidence,Adjacent-domain evidence; not fire-validated. Not counted as primary synthesis evidence.,Source-content checked,Underlying publisher/DOI/official source was opened and the manuscript use was checked within the stated claim boundary.
gao2023association,1,Association between long-term exposure to wildfire-related PM2.5 and mortality: A longitudinal analysis of the UK Biobank,2023,10.1016/j.jhazmat.2023.131779,sections/risks.tex,R01823,Contextual outside primary corpus,Fire-specific interface or background evidence,Supports a UK Biobank longitudinal analysis using modelled three-year cumulative wildfire-related PM2.5 exposure in a 10-km residential buffer and small associations with all-cause nonaccidental and neoplasm mortality. It does not directly validate the manuscript's claims that sparse monitoring caused underestimated local peaks or that this study itself produced the global 2100 fire-frequency projection.,Source-content checked,Verification result: Partial correction required. Source route: PubMed publisher-linked abstract and ScienceDirect record (PMID 37307727; DOI 10.1016/j.jhazmat.2023.131779). The corresponding manuscript wording/attribution correction was applied: Retain for long-term wildfire-PM2.5 exposure and mortality context. Remove it as the grammatical source of the 2100 projection and replace the local-peak sentence with a bounded statement about model-based exposure resolution or cite a direct validation source.
graham2020impact,2,Impact on air quality and health due to the Saddleworth Moor fire in northern England,2020,10.1088/1748-9326/ab8496,sections/risks.tex,R05960,Primary included corpus,Direct fire-specific evidence,"Supports only the fire-specific task and evaluation setting described in the report; it does not by itself establish operational readiness, universal superiority, or cross-incident generalisation.",Source-content checked,Underlying publisher/DOI/official source was opened and the manuscript use was checked within the stated claim boundary.
griffiths2018study,5,A study of particulate emissions during 23 major industrial fires: Implications for human health,2018,10.1016/j.envint.2017.12.018,sections/risks.tex,R00606,Contextual outside primary corpus,Fire-specific interface or background evidence,Directly supports AQinMI operation across 23 major industrial fires OSIRIS indicative PM monitoring incident-average and 15-minute peak concentration ranges and discussion of short-term health guidance. It does not establish the manuscript's separate equity/economic claim that low-income communities face compounded risk because of inadequate fire-safety measures.,Source-content checked,Verification result: Partial correction required. Source route: Publisher abstract plus Northumbria University full bibliographic/abstract record (PMID 29554638; DOI 10.1016/j.envint.2017.12.018). The corresponding manuscript wording/attribution correction was applied: Retain the AQinMI monitoring concentration and short-term-health uses. Remove this citation from the unsupported low-income/fire-safety economic sentence or rewrite that sentence to the narrower access-to-protective-action synthesis supported by the other cited equity sources.
griffiths2022characterising,8,"Characterising the ground level concentrations of harmful organic and inorganic substances released during major industrial fires, and implications for human health",2022,10.1016/j.envint.2022.107152,sections/introduction.tex; sections/risks.tex,R02494,Contextual outside primary corpus,Fire-specific interface or background evidence,Manuscript-used context outside the primary corpus; not counted as primary synthesis evidence. Not counted as primary synthesis evidence.,Source-content checked,Underlying publisher/DOI/official source was opened and the manuscript use was checked within the stated claim boundary.
griffiths2025a,4,Evaluating public exposure to airborne particulates from major incident fires: A back trajectory plume modelling approach,2025,10.1016/j.jhazmat.2025.137455,sections/health_risk_modelling.tex; sections/introduction.tex; sections/risks.tex,,External fire-specific context,External authority/context; not primary synthesis evidence,Fire-exposure context not represented in the frozen 562-report corpus; not counted as primary synthesis evidence.,Source-content checked,Underlying publisher/DOI/official source was opened and the manuscript use was checked within the stated claim boundary.
gryech2024applications,1,Applications of machine learning \& Internet of Things for outdoor air pollution monitoring and prediction: A systematic literature review,2024,10.1016/j.engappai.2024.109182,sections/introduction.tex,,External adjacent-review positioning,External authority/context; not primary synthesis evidence,Systematic review of machine-learning and Internet-of-Things applications for outdoor air-pollution monitoring and prediction. The manuscript uses it only to position adjacent review literature and does not treat it as fire-specific deployment evidence.,Source-content checked,Verification result: Supported. Source route: ScienceDirect publisher abstract (DOI 10.1016/j.engappai.2024.109182). No manuscript change was required.
gu2009particle,2,State estimation using particle filters in wildfire spread simulation,2009,10.5555/1639809.1639845,sections/autonomous_systems.tex,R19040,Primary included corpus,Fire-specific interface or background evidence,Applies particle filtering to DEVS-FIRE wildfire-spread simulation for dynamically evolving fire-front estimation from sensor observations and reports preliminary simulation results. The manuscript accurately confines the evidence to identical-twin/state-estimation feasibility without field smoke or health validation.,Source-content checked,Verification result: Supported. Source route: ACM proceedings record and author-group publication record/abstract (DOI 10.5555/1639809.1639845). No manuscript change was required.
guidance2021ethics,5,Ethics and governance of artificial intelligence for health,2021,https://www.who.int/publications/i/item/9789240029200,sections/governance.tex,,External governance or public-health guidance,External authority/context; not primary synthesis evidence,Transferred governance context; not fire-specific validation and not counted in the 562-report primary corpus.,Source-content checked,Underlying publisher/DOI/official source was opened and the manuscript use was checked within the stated claim boundary.
hagler2021understanding,1,Understanding and communicating wildland fire smoke risk,2021,10.3389/fpubh.2021.721823,sections/risks.tex,R11171,Contextual outside primary corpus,Fire-specific interface or background evidence,"Fire-specific atmospheric, emission, impact, chemistry, or observational evidence without an incident-time system contribution. Not counted as primary synthesis evidence.",Source-content checked,Underlying publisher/DOI/official source was opened and the manuscript use was checked within the stated claim boundary.
hoffmann2021air,1,"WHO air quality guidelines 2021--aiming for healthier air for all: a joint statement by medical, public health, scientific societies and patient representative organisations",2021,10.3389/ijph.2021.1604465,sections/health_risk_modelling.tex,R11587,Contextual outside primary corpus,Transferred adjacent-domain evidence,Supports the content and public-health importance of the 2021 WHO air-quality guidelines including stricter PM2.5 and NO2 values and annual/short-term averaging periods. This joint policy statement does not support the manuscript's fire-specific child respiratory-development claim or its generic description of epidemiological concentration-response functions.,Source-content checked,Verification result: Partial correction required. Source route: Open-access journal full text and PubMed record (PMCID PMC8494774; PMID 34630006; DOI 10.3389/ijph.2021.1604465). The corresponding manuscript wording/attribution correction was applied: Retain only for WHO guideline values and averaging-window discussion. Remove this key from the child wildfire-health sentence and from the concentration-response-method sentence unless those statements are supported by separate epidemiological sources.
hu2022faulttolerant,2,Fault-tolerant cooperative navigation of networked UAV swarms for forest fire monitoring,2022,10.1016/j.ast.2022.107494,sections/autonomous_systems.tex,R04687,Primary included corpus,Fire-specific interface or background evidence,"Supports UAV swarm navigation, fault handling, and boundary-monitoring feasibility only; it is not direct evidence of plume concentration mapping, smoke forecasting, or health protection.",Source-content checked,Underlying publisher/DOI/official source was opened and the manuscript use was checked within the stated claim boundary.
hughes2024impact,2,Impact of Wildfire Smoke on Acute Illness,2024,10.1097/aln.0000000000005115,sections/introduction.tex; sections/risks.tex,R05939,Primary included corpus,Evidence synthesis or guidance,Review supports acute wildfire-smoke inflammation oxidative stress coagulation respiratory/cardiovascular illness vulnerable groups obstetric/neonatal outcomes and the reported 61-percent cross-country trend. It does not demonstrate Bayesian iterative risk updating; that manuscript attribution is unsupported. Any mask-efficacy claim should be kept qualitative and not tied to an unsubstantiated 500 microgram-per-cubic-metre cutoff.,Source-content checked,Verification result: Partial correction required. Source route: Publisher-linked PubMed record plus the author-accepted full text in DukeSpace/UCL (PMID 39105660; DOI 10.1097/ALN.0000000000005115). The corresponding manuscript wording/attribution correction was applied: Delete the claimed Bayesian demonstration and recast the paragraph as a general methodological distinction without Hughes. Retain the supported acute-health pregnancy and review-context uses; remove or soften the unsupported concentration-specific respirator statement.
jonca2022drone,3,Drone-assisted monitoring of atmospheric pollution--A comprehensive review,2022,10.3390/su141811516,figures/platform_sensor_matrix.tex; sections/autonomous_systems.tex,R03718,Contextual outside primary corpus,Transferred adjacent-domain evidence,Supports a broad review of UAV platforms sensors payload integration limitations and Kolibri prescribed-burn flights. It does not report a 0.1-micrometre Kolibri measurement resolution; the paper's 0.1 value refers to response time for certain optical gas detectors. Nor does it validate complete plume coverage or health benefit.,Source-content checked,Verification result: Partial correction required. Source route: Open-access MDPI review and indexed full-text copy (DOI 10.3390/su141811516). The corresponding manuscript wording/attribution correction was applied: Replace the erroneous 0.1-micrometre resolution statements with a bounded description of Kolibri gas/particle sensors and samplers used during prescribed-burn flights. Remove the unsupported polarised-optics mitigation attribution if no direct source is added.
ke2021global,2,Global wildfire plume-rise data set and parameterizations for climate model applications,2021,10.1029/2020jd033085,sections/autonomous_systems.tex,R05428,Primary included corpus,Direct fire-specific evidence,Develops and evaluates a long-term global wildfire injection-height data set and plume-rise parameterisations for climate-model applications. Supports the manuscript's claims that injection height affects transport/lifetime and that the evidence pertains to climate/transport modelling rather than incident-scale concentration forecasting.,Source-content checked,Verification result: Supported. Source route: AGU publisher full-text record and USDA Forest Service record (DOI 10.1029/2020JD033085). No manuscript change was required.
khoshdel2024pyrotrack,3,PyroTrack: Belief-Based Deep Reinforcement Learning Path Planning for Aerial Wildfire Monitoring in Partially Observable Environments,2024,10.23919/acc60939.2024.10644894,sections/autonomous_systems.tex,R08541,Primary included corpus,Fire-specific interface or background evidence,PyroTrack formulates active aerial wildfire monitoring under partial observability with a belief-state deep-reinforcement-learning path-planning method and evaluates it in simulation. The manuscript accurately limits the evidence to navigation fire tracking uncertainty representation and simulation rather than plume-concentration or health validation.,Source-content checked,Verification result: Supported. Source route: IEEE-linked ACC record plus open author manuscript (arXiv 2403.11095; DOI 10.23919/ACC60939.2024.10644894). No manuscript change was required.
knowles2021sanction,1,The sanction of authority: Promoting public trust in AI,2021,10.1145/3442188.3445890,sections/governance.tex,,External governance or public-health guidance,External authority/context; not primary synthesis evidence,Transferred governance context; not fire-specific validation and not counted in the 562-report primary corpus.,Source-content checked,Underlying publisher/DOI/official source was opened and the manuscript use was checked within the stated claim boundary.
lelis2024drone,1,Drone-based AI system for wildfire monitoring and risk prediction,2024,10.1109/access.2024.3462436,sections/autonomous_systems.tex,R03719,Full-text excluded; contextual citation only,Context only; not synthesis evidence,The paper evaluates a multisensor drone/ML system for pre-fire wildfire-risk estimation confidence mapping and proactive mission planning. It does not supply evidence for beyond-visual-line-of-sight regulatory barriers or incident-airspace rules. The source-scope ledger already correctly classifies it as contextual and outside the plume/exposure pipeline.,Source-content checked,Verification result: Correction required. Source route: IEEE bibliographic record and full-text author copy (DOI 10.1109/ACCESS.2024.3462436). The corresponding manuscript wording/attribution correction was applied: Remove this key from the operational-constraints sentence about BVLOS and incident airspace. Retain it only if the manuscript includes the bounded pre-fire risk-estimation context described in the source-scope table.
lewis2021plumesource,2,A comprehensive review of plume source detection using unmanned vehicles for environmental sensing,2021,10.1016/j.scitotenv.2020.144029,sections/introduction.tex,R00164,Contextual outside primary corpus,Transferred adjacent-domain evidence,Comprehensive review of autonomous unmanned-vehicle configurations and algorithms for plume-source localisation environmental sensing and plume-interface tracking. The manuscript accurately presents it as adjacent transferable technical evidence rather than wildfire-health or operational deployment validation.,Source-content checked,Verification result: Supported. Source route: PubMed and ScienceDirect publisher records plus author manuscript (PMID 33385789; DOI 10.1016/j.scitotenv.2020.144029). No manuscript change was required.
li2024sim2real,2,Sim2Real-fire: a multi-modal simulation dataset for forecast and backtracking of real-world forest fire,2024,10.52202/079017-0045,sections/autonomous_systems.tex,R19538,Primary included corpus,Fire-specific interface or background evidence,"Supports comparative performance on the Sim2Real-Fire benchmark. It does not establish universal superiority, operational fire-response effectiveness or plume-pollution forecasting.",Source-content checked,Underlying publisher/DOI/official source was opened and the manuscript use was checked within the stated claim boundary.
mallia2020smoketransport,4,Evaluating Wildfire Smoke Transport Within a Coupled Fire-Atmosphere Model Using a High-Density Observation Network for an Episodic Smoke Event Along Utah's Wasatch Front,2020,10.1029/2020JD032712,sections/autonomous_systems.tex; sections/governance.tex,R04403,Primary included corpus,Direct fire-specific evidence,"Supports the value of dense observations and coupled modelling for this Utah event, not general accuracy across terrains, fuels, meteorology, or operational deployments.",Source-content checked,Underlying publisher/DOI/official source was opened and the manuscript use was checked within the stated claim boundary.
martin2008satellite,1,Satellite remote sensing of surface air quality,2008,10.1016/j.atmosenv.2008.07.018,sections/introduction.tex,,External technical background,External authority/context; not primary synthesis evidence,Review of satellite remote sensing of boundary-layer atmospheric composition for surface-air-quality applications including retrieval strengths limitations and combination with models/ground observations. The manuscript uses it only for technical background and related-review positioning.,Source-content checked,Verification result: Supported. Source route: ScienceDirect publisher abstract (DOI 10.1016/j.atmosenv.2008.07.018). No manuscript change was required.
mateus2024dynamics,2,Dynamics of thermal plumes for large spaces: a comparative study of in-situ smoke test and a CFD model,2024,10.1016/j.enbuild.2024.114512,sections/autonomous_systems.tex,R03776,Contextual outside primary corpus,Transferred adjacent-domain evidence,Real-scale coloured-smoke experiments provide qualitative and quantitative validation of an indoor natural-ventilation CFD thermal-plume model with reported velocity temperature and heat-exchange differences below 10 percent and image errors of 2.3--14.5 percent. The manuscript correctly treats this as adjacent built-environment validation evidence rather than outdoor fire-plume validation.,Source-content checked,Verification result: Supported. Source route: ScienceDirect record plus University of Lisbon/LNEC full-text and abstract records (DOI 10.1016/j.enbuild.2024.114512). No manuscript change was required.
mesko2023imperative,1,The imperative for regulatory oversight of large language models (or generative AI) in healthcare,2023,10.1038/s41746-023-00873-0,sections/health_risk_modelling.tex,R10592,Contextual outside primary corpus,Transferred adjacent-domain evidence,Manuscript-used context outside the primary corpus; not counted as primary synthesis evidence. Not counted as primary synthesis evidence.,Source-content checked,Underlying publisher/DOI/official source was opened and the manuscript use was checked within the stated claim boundary.
moisseeva2021wildfire,1,Wildfire smoke-plume rise: a simple energy balance parameterization,2021,10.5194/acp-21-1407-2021,sections/autonomous_systems.tex,R11840,Primary included corpus,Direct fire-specific evidence,Uses WRF-SFIRE large-eddy simulations to create a synthetic wildfire-plume data set and constrain/evaluate a crosswind-integrated energy-balance plume-rise parameterisation; also tests against numerical and prescribed-burn data within a stated domain. Supports the manuscript's bounded speed/accuracy and uncertainty claims.,Source-content checked,Verification result: Supported. Source route: Copernicus open-access full text (DOI 10.5194/acp-21-1407-2021). No manuscript change was required.
molitor2023air,1,Air pollution and suicide in rural and urban America: Evidence from wildfire smoke,2023,10.1073/pnas.2221621120,sections/risks.tex,R01042,Full-text excluded; contextual citation only,Context only; not synthesis evidence,Supports the reported US 2007--2019 rural association: a 1 microgram-per-cubic-metre monthly increase in wildfire-derived PM2.5 corresponds to 0.27 additional suicide deaths per million or a 2.0-percent increase with no detected urban effect. It discusses outdoor exposure and protective investment as possible mechanisms but does not establish limited mental-health infrastructure as the cause.,Source-content checked,Verification result: Supported with wording boundary. Source route: PNAS/PMC open full text and ICPSR replication record (PMCID PMC10515164; DOI 10.1073/pnas.2221621120). The corresponding manuscript wording/attribution correction was applied: Keep the quantified rural finding and general vulnerability/equity synthesis. Do not state that limited mental-health infrastructure caused the observed disparity.
moore2023impacts,4,Impacts of wildfire smoke and air pollution on a pediatric population with asthma: a population-based study,2023,10.3390/ijerph20031937,sections/introduction.tex; sections/risks.tex,R06019,Contextual outside primary corpus,Fire-specific interface or background evidence,Population-based paediatric-asthma study supports increased asthma emergency-department rates during wildfire-smoke periods including an incidence-rate ratio of 1.13 and illustrates area-level rather than personal exposure assignment. It also provides the cited Canadian wildfire-season context. The clean manuscript uses are appropriately bounded.,Source-content checked,Verification result: Supported. Source route: MDPI/PMC open full text and PubMed record (PMCID PMC9914777; PMID 36767304; DOI 10.3390/ijerph20031937). No manuscript change was required.
naqvi2023wildfire,1,Wildfire-induced pollution and its short-term impact on COVID-19 cases and mortality in California,2023,10.1016/j.gr.2022.04.016,sections/risks.tex,R11689,Contextual outside primary corpus,Fire-specific interface or background evidence,Supports the severity of the 2020 California wildfire season pollutant increases and a time-series association with COVID-19 cases and mortality. It does not evaluate generic satellite latency/vertical-information limitations or prove that stationary monitors missed acute peaks because of rapidly shifting plumes.,Source-content checked,Verification result: Partial correction required. Source route: ScienceDirect publisher record and open full-text archive record (PMCID PMC9066963; DOI 10.1016/j.gr.2022.04.016). The corresponding manuscript wording/attribution correction was applied: Retain for the 2020 California event and bounded pollution/health findings. Remove this key from the introduction's generic monitoring/satellite-limitations sentence; do not use it as validation of stationary-monitor failure.
niu2024enhancing,1,Enhancing healthcare decision support through explainable AI models for risk prediction,2024,10.1016/j.dss.2024.114228,sections/health_risk_modelling.tex,R04128,Contextual outside primary corpus,Transferred adjacent-domain evidence,DirPred integrates a Dirichlet-process mixture model with neural predictive clustering and attention to model longitudinal heterogeneous EHR data and provide cluster- and local-level explanations; it was evaluated on two healthcare data sets. The manuscript correctly labels this as adjacent healthcare-method evidence rather than fire-health validation.,Source-content checked,Verification result: Supported. Source route: ScienceDirect publisher full text plus University of Manchester record (DOI 10.1016/j.dss.2024.114228). No manuscript change was required.
fireplume_R00166,2,"{A comprehensive review on post-wildfire impacts in California: environmental exposure, health risks, and resilience strategies.}",2025,10.1080/10934529.2025.2604445,sections/governance.tex; sections/risks.tex,R00166,Primary included corpus,Evidence synthesis or guidance,PRISMA-guided review of California post-wildfire environmental exposure health risks and resilience supports respiratory cardiovascular mental-health and potential carcinogenic effects plus disproportionate impacts on low-income communities children and outdoor workers. It supports general equity/resilience framing but not every operational factor in the manuscript's longer access-and-response list.,Source-content checked,Verification result: Supported with wording boundary. Source route: Taylor and Francis publisher full-text/abstract record (DOI 10.1080/10934529.2025.2604445). The corresponding manuscript wording/attribution correction was applied: Keep the general health/equity claims; present the detailed connectivity transport clean-air-space filtration and housing list as a cross-source synthesis rather than attributing every item to this review.
fireplume_R00182,1,{A Coupled Wildfire-Emission and Dispersion Framework for Probabilistic PM2.5 Estimation},2023,10.3390/fire6060220,sections/autonomous_systems.tex,R00182,Primary included corpus,Direct fire-specific evidence,Presents a coupled wildfire-emission and dispersion framework producing probabilistic near-surface PM2.5 estimates and unhealthy-concentration exceedance maps. It supports the manuscript's concentration-forecast taxonomy and bounded modelling context without establishing real-time incident deployment.,Source-content checked,Verification result: Supported. Source route: MDPI Fire open-access full text (DOI 10.3390/fire6060220). No manuscript change was required.
fireplume_R00200,1,{A Decentralized Importance-based Multi-UAV Path Planning Algorithm for Wildfire Monitoring},2023,10.1109/smc53992.2023.10394301,sections/autonomous_systems.tex,R00200,Primary included corpus,Fire-specific interface or background evidence,Presents and simulates a decentralised importance-based multi-UAV path-planning algorithm for wildfire monitoring. Supports the manuscript's bounded grouping with navigation and adaptive fire-tracking studies; it does not supply smoke-concentration or field-deployment validation.,Source-content checked,Verification result: Supported. Source route: IEEE SMC publisher record (DOI 10.1109/SMC53992.2023.10394301). No manuscript change was required.
fireplume_R00216,1,{A Distributed Control Framework of Multiple Unmanned Aerial Vehicles for Dynamic Wildfire Tracking},2018,10.1109/tsmc.2018.2815988,sections/autonomous_systems.tex,R00216,Primary included corpus,Fire-specific interface or background evidence,Develops a distributed multi-UAV control framework for tracking a changing wildfire boundary in open space and evaluates it in simulation. The manuscript correctly treats it as source/fire-state monitoring rather than pollutant or health evidence.,Source-content checked,Verification result: Supported. Source route: IEEE record plus open author full text (DOI 10.1109/TSMC.2018.2815988). No manuscript change was required.
fireplume_R00217,1,{A Distributed Deep Learning Approach for A Team of Unmanned Aerial Vehicles for Wildfire Tracking and Coverage},2022,10.1109/irc55401.2022.00061,sections/autonomous_systems.tex,R00217,Primary included corpus,Fire-specific interface or background evidence,Presents a distributed deep-learning approach for team-UAV wildfire tracking and coverage under an evaluated simulation setting. The manuscript accurately limits the inference to simulated fire tracking/coverage.,Source-content checked,Verification result: Supported. Source route: IEEE IRC bibliographic record and author full-text record (DOI 10.1109/IRC55401.2022.00061). No manuscript change was required.
fireplume_R00331,1,{A low-cost particulate matter (PM 2.5 ) monitor for wildland fire smoke},2018,10.5194/amt-11-1087-2018,sections/autonomous_systems.tex,R00331,Primary included corpus,Direct fire-specific evidence,Develops and validates a compact low-cost solar/battery Outdoor Aerosol Sampler for real-time and time-integrated PM2.5 measurement in wildland-fire smoke with initial field testing. Supports the manuscript's mobile-sensing calibration/error coverage while not proving downstream uncertainty propagation.,Source-content checked,Verification result: Supported. Source route: Copernicus open-access full text and US EPA HERO record (DOI 10.5194/amt-11-1087-2018). No manuscript change was required.
fireplume_R00357,1,{A model for rapid PM2.5 exposure estimates in wildfire conditions using routinely available data: rapidfire v0.1.3.},2024,10.5194/gmd-17-381-2024,sections/health_risk_modelling.tex,R00357,Primary included corpus,Direct fire-specific evidence,rapidfire fuses regulatory/low-cost monitor satellite meteorological and operational smoke-model inputs with random-forest regression to estimate ground-level 24-hour-average PM2.5 during California wildfire events. It does not itself combine concentration with individual residence mobility time-activity indoor infiltration or personal behaviour.,Source-content checked,Verification result: Partial correction required. Source route: Copernicus/PMC open-access full text and USDA Forest Service copy (PMCID PMC11469206; DOI 10.5194/gmd-17-381-2024). The corresponding manuscript wording/attribution correction was applied: Revise the health-interface paragraph to describe rapidfire as fire-specific ambient PM2.5 estimation and use the other sources for the additional personal-exposure determinants.
fireplume_R00664,2,{A systematic review of the physical health impacts from non-occupational exposure to wildfire smoke.},2015,10.1016/j.envres.2014.10.015,sections/health_risk_modelling.tex; sections/risks.tex,R00664,Primary included corpus,Evidence synthesis or guidance,Systematic review of 61 non-occupational wildfire-smoke studies reports the most consistent evidence for respiratory morbidity and evidence for cardiovascular effects while identifying children older adults and people with pre-existing disease as susceptible groups. Supports the manuscript's review-level health and susceptibility statements.,Source-content checked,Verification result: Supported. Source route: PubMed/PMC and ScienceDirect records (PMCID PMC4262561; PMID 25460628; DOI 10.1016/j.envres.2014.10.015). No manuscript change was required.
fireplume_R00738,1,{Accessing the Life in Smoke: A New Application of Unmanned Aircraft Systems (UAS) to Sample Wildland Fire Bioaerosol Emissions and Their Environment},2019,10.3390/fire2040056,sections/autonomous_systems.tex,R00738,Primary included corpus,Direct fire-specific evidence,Demonstrates UAS collection of viable microorganisms and environmental measurements in smoke above wildland fires. Supports the bounded claim that fire-specific UAS plume sampling has been demonstrated without implying end-to-end response effectiveness.,Source-content checked,Verification result: Supported. Source route: MDPI Fire open-access full text and USDA Forest Service record (DOI 10.3390/fire2040056). No manuscript change was required.
fireplume_R00864,3,{Advancing the community health vulnerability index for wildland fire smoke exposure.},2024,10.1016/j.scitotenv.2023.167834,sections/health_risk_modelling.tex; sections/risks.tex,R00864,Primary included corpus,Direct fire-specific evidence,Develops a county-level wildland-fire-smoke Community Health Vulnerability Index for CONUS using exposure sensitivity and adaptive-capacity components and documents spatial disparities. Supports the manuscript's community vulnerability and response-capacity synthesis but not personalised clinical prediction.,Source-content checked,Verification result: Supported. Source route: PubMed and ScienceDirect publisher records (PMID 37839481; DOI 10.1016/j.scitotenv.2023.167834). No manuscript change was required.
fireplume_R01103,1,{Air quality policy and fire management responses addressing smoke from wildland fires in the United States and Australia},2017,10.1071/wf16154,sections/governance.tex,R01103,Primary included corpus,Evidence synthesis or guidance,Reviews the historical development and interaction of wildland-fire smoke-management and air-quality policy in the United States and Australia and discusses implications for other fire-prone countries. Supports the manuscript's fire-specific policy context without demonstrating an AI governance control.,Source-content checked,Verification result: Supported. Source route: International Journal of Wildland Fire publisher full text (DOI 10.1071/WF16154). No manuscript change was required.
fireplume_R01249,1,"{An empirical model to estimate daily forest fire smoke exposure over a large geographic area using air quality, meteorological, and remote sensing data.}",2014,10.1038/jes.2013.87,sections/health_risk_modelling.tex,R01249,Primary included corpus,Direct fire-specific evidence,Builds an empirical daily wildfire-smoke PM2.5 model from monitoring meteorology fire and satellite inputs for populated areas of British Columbia and assigns estimates to local health areas for surveillance. It supports area-level population exposure estimation but not individual mobility time-activity indoor infiltration occupation or protective behaviour.,Source-content checked,Verification result: Partial correction required. Source route: Nature open-access full text and PubMed/PMC records (PMCID PMC3994508; PMID 24301352; DOI 10.1038/jes.2013.87). The corresponding manuscript wording/attribution correction was applied: In the health-interface paragraph explicitly separate area-level ambient/exposure assignment supported by this study from personal-exposure determinants supported by other sources.
fireplume_R01724,1,{Assessing the Risk of Respiratory-Related Healthcare Visits Associated with Wildfire Smoke Exposure in Children 0-18 Years Old: A Systematic Review.},2021,10.3390/ijerph18168799,sections/health_risk_modelling.tex,R01724,Primary included corpus,Evidence synthesis or guidance,Systematic review specifically assesses respiratory symptoms and healthcare visits among children aged 0--18 after wildfire-smoke exposure and identifies children as a susceptible group. Supports the manuscript's bounded paediatric-health synthesis.,Source-content checked,Verification result: Supported. Source route: MDPI/PubMed open full text (PMID 34444546; DOI 10.3390/ijerph18168799). No manuscript change was required.
fireplume_R02234,3,{Building a Practice-Based Research Agenda for Wildfire Smoke and Health: A Report of the 2018 Washington Wildfire Smoke Risk Communication Stakeholder Synthesis Symposium.},2019,10.3390/ijerph16132398,sections/governance.tex; sections/health_risk_modelling.tex,R02234,Primary included corpus,Direct fire-specific evidence,Reports a 2018 Washington stakeholder synthesis involving 76 participants from more than 30 organisations and identifies practice-based needs barriers and solutions for wildfire-smoke risk communication and risk reduction. Supports the manuscript's claims about operational users trusted relationships ownership and communication implementation without validating AI alerts.,Source-content checked,Verification result: Supported. Source route: MDPI/PubMed full text plus University of Washington symposium report (PMID 31284542; DOI 10.3390/ijerph16132398). No manuscript change was required.
fireplume_R02589,1,{Chemical Tomography in a Fresh Wildland Fire Plume: A Large Eddy Simulation (LES) Study},2021,10.1029/2021jd035203,sections/autonomous_systems.tex,R02589,Primary included corpus,Direct fire-specific evidence,Uses a high-resolution WRF large-eddy simulation coupled to chemistry and airborne observations to study three-dimensional chemical evolution and cross-plume heterogeneity in a fresh wildland-fire plume. Supports the manuscript's claim that high-resolution 3-D models can resolve vertical/chemical structure omitted by simpler representations at greater computational cost.,Source-content checked,Verification result: Supported. Source route: AGU open full text plus NOAA/NASA repository copies (DOI 10.1029/2021JD035203). No manuscript change was required.
fireplume_R02858,4,{Community Health and Resilience Under Rising Wildfire Smoke Exposure: A Review of Social Vulnerability and Adaptive Capacity},2026,10.3390/su18115380,sections/governance.tex; sections/health_risk_modelling.tex; sections/risks.tex,R02858,Primary included corpus,Evidence synthesis or guidance,Narrative integrative review links wildfire-smoke health effects with social vulnerability and adaptive capacity including socioeconomic resources housing quality healthcare access risk communication safe indoor environments and affordability of protective measures. Supports the manuscript's response-capacity and equity synthesis while remaining review-level evidence.,Source-content checked,Verification result: Supported. Source route: MDPI open-access full text and indexed abstract (DOI 10.3390/su18115380). No manuscript change was required.
fireplume_R03495,1,{Development and Evaluation of a North America Ensemble Wildfire Air Quality Forecast: Initial Application to the 2020 Western United States “Gigafire”},2023,10.1029/2022jd037298,sections/autonomous_systems.tex,R03495,Primary included corpus,Direct fire-specific evidence,Develops and evaluates a North American multi-model ensemble wildfire-air-pollution forecast using regional and global chemical-transport models against satellite AOD and AirNow PM2.5 during the 2020 western US fires. Supports its classification as a concentration/air-quality forecast without implying universal superiority.,Source-content checked,Verification result: Supported. Source route: AGU full text plus NOAA repository record (DOI 10.1029/2022JD037298). No manuscript change was required.
fireplume_R03585,1,{Differences in the Estimation of Wildfire-Associated Air Pollution by Satellite Mapping of Smoke Plumes and Ground-Level Monitoring.},2020,10.3390/ijerph17218164,sections/risks.tex,R03585,Primary included corpus,Direct fire-specific evidence,Compares satellite smoke-plume-density categories with PM2.5 from 16 Bay Area ground monitors during the 2017--2018 California wildfire seasons and finds substantial spatial/temporal mismatch including unknown plume vertical position. Supports cross-platform measurement limitations and the need to combine sources; it does not itself establish satellite revisit latency.,Source-content checked,Verification result: Supported with wording boundary. Source route: MDPI/PMC open full text and PubMed record (PMCID PMC7663802; PMID 33167314; DOI 10.3390/ijerph17218164). The corresponding manuscript wording/attribution correction was applied: When revising the operational-constraints paragraph attribute spatial/temporal and vertical-representation mismatch to this paper rather than a generic hours-to-days latency claim.
fireplume_R03881,1,"{Effect modification of the association between fine particulate air pollution during a wildfire event and respiratory health by area-level measures of socio-economic status, race/ethnicity, and smoking prevalence.}",2023,10.1088/2752-5309/acc4e1,sections/risks.tex,R03881,Primary included corpus,Direct fire-specific evidence,Examines effect modification of wildfire-event PM2.5 respiratory-health associations by area-level socioeconomic status race/ethnicity and smoking prevalence. It supports differential vulnerability and stratification but does not directly establish household filtration transport healthcare communication or financial response capacity.,Source-content checked,Verification result: Partial correction required. Source route: IOP publisher record/full text and bibliographic abstract (DOI 10.1088/2752-5309/acc4e1). The corresponding manuscript wording/attribution correction was applied: Move this citation to the susceptibility/vulnerability statement or qualify the response-capacity paragraph so the detailed resource list is supported chiefly by the adaptive-capacity reviews.
fireplume_R03981,1,{Efficacy of Communication Techniques and Health Outcomes of Bushfire Smoke Exposure: A Scoping Review.},2021,10.3390/ijerph182010889,sections/health_risk_modelling.tex,R03981,Primary included corpus,Evidence synthesis or guidance,Scoping review synthesises bushfire-smoke health effects and communication recommendations and reports that age rurality geography cultural/linguistic background and disability affect information needs or channels. Supports the manuscript's communication/intervention interface at review level without proving health-outcome efficacy.,Source-content checked,Verification result: Supported. Source route: MDPI/PMC open full text and PubMed record (PMCID PMC8536189; PMID 34682636; DOI 10.3390/ijerph182010889). No manuscript change was required.
fireplume_R04096,3,{Engaging interested parties to optimize wildfire smoke communication in Canada: challenges with initiating change.},2023,10.3389/fpubh.2023.1268249,sections/governance.tex; sections/health_risk_modelling.tex,R04096,Primary included corpus,Direct fire-specific evidence,Evaluates a Canadian wildfire-smoke communication workshop and summary report using follow-up surveys; documents intended and reported organisational changes plus barriers including limited staff time resources remit and reversion to established processes during live events. Supports the manuscript's organisational ownership/capacity and stakeholder-participation claims.,Source-content checked,Verification result: Supported. Source route: Frontiers/PMC open full text (PMCID PMC10652752; DOI 10.3389/fpubh.2023.1268249). No manuscript change was required.
fireplume_R04439,1,{Evaluation of Model-Based PM2.5 Estimates for Exposure Assessment During Wildfire Smoke Episodes in the Western U.S.},2023,10.1021/acs.est.2c06288,sections/health_risk_modelling.tex,R04439,Primary included corpus,Direct fire-specific evidence,Evaluates multiple model-based PM2.5 products against observations during western-US wildfire-smoke episodes to assess spatial and temporal exposure-estimation performance. It supports model-based ambient exposure surfaces and their uncertainty but not individual mobility indoor infiltration occupation activity or protective behaviour.,Source-content checked,Verification result: Partial correction required. Source route: PubMed/PMC and ACS publisher records (PMCID PMC10288567; PMID 36693177; DOI 10.1021/acs.est.2c06288). The corresponding manuscript wording/attribution correction was applied: In the health-interface paragraph use this source for ambient/model-based exposure estimation and reserve personal-exposure determinants for sources that measured or modelled them.
fireplume_R04468,1,{Evaluation of Turbulence Depending Drag Coefficient in Plume Rise Model for Fire Smoke Dispersion},2024,10.1016/j.atmosenv.2024.120411,sections/autonomous_systems.tex,R04468,Primary included corpus,Direct fire-specific evidence,Evaluates a turbulence-dependent drag coefficient in a Lagrangian plume-rise model against prescribed-fire observations and examines resolution dependence. It supports the manuscript's task-dependent vertical-structure and resolution trade-off but not operational performance for uncontrolled wildfires.,Source-content checked,Verification result: Supported with wording boundary. Source route: Elsevier publisher abstract and indexed source record (DOI 10.1016/j.atmosenv.2024.120411). No manuscript change was required.
fireplume_R05530,2,{Health benefits and costs of filtration interventions that reduce indoor exposure to PM2.5 during wildfires.},2017,10.1111/ina.12285,sections/health_risk_modelling.tex,R05530,Primary included corpus,Direct fire-specific evidence,Models six residential filtration interventions for a ten-day Southern California wildfire-smoke period and estimates indoor-exposure reduction health benefits and costs. This directly supports classifying it as a tested fire-specific intervention study; estimates are model-based rather than a prospective intervention trial.,Source-content checked,Verification result: Supported. Source route: PubMed source abstract and Wiley publisher record (PMID 26843218; DOI 10.1111/ina.12285). No manuscript change was required.
fireplume_R06315,1,{Integration of a Coupled Fire-Atmosphere Model Into a Regional Air Quality Forecasting System for Wildfire Events},2021,10.3389/ffgc.2021.728726,sections/autonomous_systems.tex,R06315,Primary included corpus,Direct fire-specific evidence,Integrates WRF-SFIRE one-way with AIRPACT and evaluates two wildfire events against fire perimeter satellite plume height and nearby PM2.5 observations. Forty-eight-hour simulations ran in under three hours; performance was mixed across cases and metrics. Supports concentration/air-quality forecasting feasibility without universal superiority.,Source-content checked,Verification result: Supported. Source route: Frontiers open-access full text (DOI 10.3389/ffgc.2021.728726). No manuscript change was required.
fireplume_R06483,3,{Investigating the Spatial and Temporal Limitations for Remote Sensing of Wildfire Smoke Using Satellite and Airborne Imagers During FIREX‐AQ},2024,10.1029/2023jd039085,sections/autonomous_systems.tex; sections/introduction.tex; sections/risks.tex,R06483,Primary included corpus,Direct fire-specific evidence,FIREX-AQ comparison of airborne eMAS and GEO/LEO imagers quantifies near-source spatial and temporal limitations: GEO mean AOD can agree when resolution is finer than plume width but maximum AOD can be strongly underestimated; LEO sampling is daily. Supports the manuscript's satellite coverage/revisit/resolution limitation statements within this setting.,Source-content checked,Verification result: Supported. Source route: AGU/Wiley open full text (DOI 10.1029/2023JD039085). No manuscript change was required.
fireplume_R06871,3,{Low-cost sensor network for wildfire monitoring and air quality measurements at remote community locations.},2026,10.1080/10962247.2026.2665375,sections/autonomous_systems.tex; sections/introduction.tex; sections/risks.tex,R06871,Primary included corpus,Direct fire-specific evidence,Supports prototype feasibility for remote monitoring and communications; large-scale incident performance and health-decision effectiveness remain unvalidated.,Source-content checked,Underlying publisher/DOI/official source was opened and the manuscript use was checked within the stated claim boundary.
fireplume_R07251,1,{Modeling Wildfire Smoke Pollution by Integrating Land Use Regression and Remote Sensing Data: Regional Multi-Temporal Estimates for Public Health and Exposure Models},2018,10.3390/atmos9090335,sections/health_risk_modelling.tex,R07251,Primary included corpus,Direct fire-specific evidence,Develops AOD and land-use-regression models for urban and rural ambient PM2.5 during a 2015 transboundary wildfire episode in southern Alberta. It supports spatially resolved outdoor exposure surfaces but does not incorporate individual mobility time activity indoor infiltration occupation or protective behaviour.,Source-content checked,Verification result: Partial correction required. Source route: MDPI open-access full text (DOI 10.3390/atmos9090335). The corresponding manuscript wording/attribution correction was applied: Rewrite the health-interface paragraph to distinguish area-level ambient concentration/exposure surfaces from personal exposure; cite filtration evidence separately for indoor mitigation.
fireplume_R07402,1,{Multi-Agency Ensemble Forecast of Wildfire Air Quality in the United States: Toward Community Consensus of Early Warning},2024,10.1175/bams-d-23-0208.1,sections/autonomous_systems.tex,R07402,Primary included corpus,Direct fire-specific evidence,Describes the real-time HAQES ensemble combining three US federal wildfire-air-quality forecasts and evaluates weighted ensemble performance including bias false alarms and hit rate. Supports classifying it as a concentration/air-quality forecast and early-warning system in its evaluated US context.,Source-content checked,Verification result: Supported. Source route: AMS publisher full record and indexed article text (DOI 10.1175/BAMS-D-23-0208.1). No manuscript change was required.
fireplume_R08285,1,{Predicting hourly PM2.5 concentrations in wildfire-prone areas using a SpatioTemporal Transformer model.},2023,10.1016/j.scitotenv.2022.160446,sections/autonomous_systems.tex,R08285,Primary included corpus,Direct fire-specific evidence,Develops a multi-head-attention SpatioTemporal Transformer for hourly PM2.5 at Greater Los Angeles monitoring stations and evaluates abrupt wildfire-related increases. Supports metric-specific retrospective forecasting claims; it does not establish between-station fields cross-region generalisation or prospective warning performance.,Source-content checked,Verification result: Supported. Source route: PubMed source abstract and Elsevier publisher record (PMID 36436649; DOI 10.1016/j.scitotenv.2022.160446). No manuscript change was required.
fireplume_R08381,1,{Prescribed Burns as a Tool to Mitigate Future Wildfire Smoke Exposure: Lessons for States and Rural Environmental Justice Communities},2023,10.1029/2022ef003468,sections/governance.tex,R08381,Primary included corpus,Direct fire-specific evidence,Uses the GEOS-Chem adjoint to estimate how prescribed burning could mitigate population-weighted wildfire-smoke exposure across western states and rural environmental-justice communities for the 2018 and 2020 seasons. It supports distributional consequences of land-management intervention but not the manuscript's detailed list of communication access household resources and response-capacity constraints.,Source-content checked,Verification result: Partial correction required. Source route: AGU/Wiley publisher full record and NOAA repository abstract (DOI 10.1029/2022EF003468). The corresponding manuscript wording/attribution correction was applied: Move this citation to a separate sentence about how prescribed-burning choices redistribute downwind smoke exposure; leave the detailed response-capacity list to sources that evaluate those constraints.
fireplume_R09930,2,{Spatiotemporal prediction of fine particulate matter during the 2008 northern California wildfires using machine learning.},2015,10.1021/es505846r,sections/autonomous_systems.tex,R09930,Primary included corpus,Direct fire-specific evidence,Uses ten-fold cross-validation to select among eleven statistical algorithms and 29 predictors for daily PM2.5 during the 2008 northern California wildfires. Supports retrospective metric-specific concentration prediction and the need to report evaluation design; it does not establish live forecast performance.,Source-content checked,Verification result: Supported. Source route: PubMed source abstract and ACS publisher record (PMID 25648639; DOI 10.1021/es505846r). No manuscript change was required.
fireplume_R11799,2,"{Wildfire smoke exposure during pregnancy and perinatal, obstetric, and early childhood health outcomes: A systematic review and meta-analysis.}",2024,10.1016/j.envres.2023.117527,sections/health_risk_modelling.tex,R11799,Primary included corpus,Evidence synthesis or guidance,Systematic review of 31 studies reports suggestive evidence linking pregnancy wildfire-smoke exposure particularly late-pregnancy exposure with reduced birthweight and preterm birth while calling for more homogeneous studies. Supports cautious association language rather than causal or universally established effects.,Source-content checked,Verification result: Supported with wording boundary. Source route: PubMed source abstract and University of Western Australia repository record (PMID 37931734; DOI 10.1016/j.envres.2023.117527). No manuscript change was required.
fireplume_R15639,2,{Modelling daily fine particulate matter (PM2.5) and wildfire effects using machine learning and deep learning in a cold urban region},2026,10.1016/j.apr.2026.103099,sections/autonomous_systems.tex,R15639,Primary included corpus,Direct fire-specific evidence,Compares RF LSTM and XGBoost for daily PM2.5 at three Edmonton-area stations using R2 correlation and RMSE. Test performance declines and models underestimate unusually high wildfire peaks; XGBoost performs best in this dataset. Supports context-dependent comparison and extreme-event degradation rather than universal model-family superiority.,Source-content checked,Verification result: Supported. Source route: Elsevier publisher full record and indexed author abstract (DOI 10.1016/j.apr.2026.103099). No manuscript change was required.
perikleous2024novel,3,A novel drone design based on a reconfigurable unmanned aerial vehicle for wildfire management,2024,10.3390/drones8050203,figures/platform_sensor_matrix.tex; sections/autonomous_systems.tex,R00429,Full-text excluded; contextual citation only,Context only; not synthesis evidence,No evaluated fire-plume task. General reconfigurable UAV design and payload discussion without a fire-plume sensing or response evaluation. Citation is retained only for the bounded contextual statement and is not counted as primary synthesis evidence.,Source-content checked,Underlying publisher/DOI/official source was opened and the manuscript use was checked within the stated claim boundary.
reid2016critical,5,Critical review of health impacts of wildfire smoke exposure,2016,10.1289/ehp.1409277,sections/health_risk_modelling.tex; sections/introduction.tex,R03146,Primary included corpus,Evidence synthesis or guidance,Critical review finds consistent respiratory morbidity evidence growing all-cause mortality evidence mixed cardiovascular evidence and insufficient evidence at that time to identify specific susceptible subgroups. It supports health-review positioning and cautious susceptibility discussion but not unqualified claims that every listed subgroup was conclusively established by this review alone.,Source-content checked,Verification result: Supported with wording boundary. Source route: PubMed/PMC open full text (PMCID PMC5010409; DOI 10.1289/ehp.1409277). The corresponding manuscript wording/attribution correction was applied: Qualify the related-review table as covering evidence on potential susceptible populations; retain specific older-adult and cardiorespiratory statements only alongside later systematic evidence.
seiber2018tracking,1,Tracking hazardous aerial plumes using IoT-enabled drone swarms,2018,10.1109/WF-IoT.2018.8355118,sections/autonomous_systems.tex,R10983,Contextual outside primary corpus,Transferred adjacent-domain evidence,Reports a small indoor classroom prototype using compressed-air canisters whose propellant produced detectable CO. A drone swarm adjusted horizontally to repeated CO releases and searched plume boundaries after about 30 refinement experiments. The paper did not test chlorine and did not validate an outdoor emergency deployment or vertical tracking.,Source-content checked,Verification result: Correction required. Source route: NSF Public Access Repository accepted manuscript and IEEE DOI record (PAR 10180563; DOI 10.1109/WF-IoT.2018.8355118). The corresponding manuscript wording/attribution correction was applied: Replace chlorine-plume wording with controlled indoor CO-plume prototype and state the two-dimensional small-drone and airflow limitations.
sengar2025uavairquality,3,Unmanned aerial vehicles and low-cost sensors for air quality monitoring: A comprehensive review of applications across diverse emission sources,2025,10.1016/j.scs.2025.106409,sections/autonomous_systems.tex; sections/introduction.tex,R11213,Contextual outside primary corpus,Transferred adjacent-domain evidence,Review filters 94 studies across diverse emission sources and synthesises UAV and low-cost-sensor capabilities calibration reliability spatial-temporal coverage rotor effects and regulatory limitations. Supports adjacent mobile-air-quality context and related-review comparison; it is not an end-to-end wildfire-response review.,Source-content checked,Verification result: Supported with scope boundary. Source route: Elsevier publisher abstract and indexed full-text preview (DOI 10.1016/j.scs.2025.106409). No manuscript change was required.
soskind2023stationary,2,Stationary and drone-assisted methane plume localization with dispersion spectroscopy,2023,10.1016/j.rse.2023.113513,figures/platform_sensor_matrix.tex; sections/autonomous_systems.tex,R09986,Contextual outside primary corpus,Transferred adjacent-domain evidence,Demonstrates chirped-laser dispersion spectroscopy with stationary and drone-mounted retroreflectors for controlled methane releases. The mobile configuration localized the source within plus/minus 1 m and estimated low leak rates within plus/minus 30 percent under an assumed Gaussian stability class. Supports the stated configuration-specific adjacent-domain result only.,Source-content checked,Verification result: Supported with scope boundary. Source route: Elsevier publisher record Princeton research portal and OSTI record (DOI 10.1016/j.rse.2023.113513). No manuscript change was required.
stein2015noaa,1,NOAA’s HYSPLIT atmospheric transport and dispersion modeling system,2015,10.1175/BAMS-D-14-00110.1,sections/introduction.tex,,External technical background,External authority/context; not primary synthesis evidence,Describes the development features and applications of HYSPLIT for trajectories transport dispersion transformation and deposition. Supports positioning it as a technical dispersion-model framework; it is not a wildfire-specific validation study.,Source-content checked,Verification result: Supported. Source route: NOAA Air Resources Laboratory system page and AMS publisher record (DOI 10.1175/BAMS-D-14-00110.1). No manuscript change was required.
stinson2024aircleaner,1,Evaluating DIY air cleaner variability and potential for post-construction emission of aromatic VOCs during wildfire events,2024,10.1016/j.indenv.2024.100023,sections/health_risk_modelling.tex,R14150,Primary included corpus,Direct fire-specific evidence,Supports controlled performance and practical cautions for this construction protocol. It does not establish population health benefit or field effectiveness across designs and homes.,Source-content checked,Underlying publisher/DOI/official source was opened and the manuscript use was checked within the stated claim boundary.
tricco2018prismascr,1,PRISMA Extension for Scoping Reviews (PRISMA-ScR): Checklist and Explanation,2018,10.7326/M18-0850,sections/methodology.tex,,External review-method guidance,External authority/context; not primary synthesis evidence,Introduces the PRISMA-ScR checklist with 20 essential and two optional reporting items for scoping reviews. Directly supports the manuscript statement that the review is reported using PRISMA-ScR guidance; it does not convert the review into a prospectively registered systematic review.,Source-content checked,Verification result: Supported. Source route: PubMed source record EQUATOR Network guidance and PRISMA official page (PMID 30178033; DOI 10.7326/M18-0850). No manuscript change was required.
ulnicane2021framing,1,Framing governance for a contested emerging technology: insights from AI policy,2021,10.1080/14494035.2020.1855800,sections/governance.tex,,External governance or public-health guidance,External authority/context; not primary synthesis evidence,Analyses 49 AI policy documents and identifies competing governance frames including technological self-governance government regulation stakeholder participation and international coordination. It supports discussion of framing and high expectations for public engagement. It does not by itself establish privacy redress lifecycle controls or that governance mechanisms generally lag rhetorical commitments in every jurisdiction.,Source-content checked,Verification result: Partial correction required. Source route: Oxford/Policy and Society publisher record and Nottingham repository manuscript (DOI 10.1080/14494035.2020.1855800). The corresponding manuscript wording/attribution correction was applied: Keep this source for policy framing and participation; rely on dedicated guidance for privacy traceability redress and lifecycle-control claims and soften claims about top-down marginalisation or implementation gaps.
valero2021multifidelity,1,"Multifidelity prediction in wildfire spread simulation: Modeling, uncertainty quantification and sensitivity analysis",2021,10.1016/j.envsoft.2021.105050,sections/autonomous_systems.tex,R07485,Primary included corpus,Fire-specific interface or background evidence,In a canonical wildfire-spread scenario control-variate and multilevel Monte Carlo strategies provide up to 100-fold speedup versus standard Monte Carlo while quantifying aleatoric uncertainty and rate-of-spread sensitivity to weather and fuel parameters with WFDS. Supports the active computational-cost statement but not smoke chemistry concentration or health prediction.,Source-content checked,Verification result: Supported with scope boundary. Source route: Elsevier publisher abstract and Universitat Politècnica de Catalunya repository full text (DOI 10.1016/j.envsoft.2021.105050). No manuscript change was required.
vargas2021overview,1,An overview of autonomous vehicles sensors and their vulnerability to weather conditions,2021,10.3390/s21165397,sections/autonomous_systems.tex,R01360,Contextual outside primary corpus,Transferred adjacent-domain evidence,Reviews adverse-weather effects on automotive cameras LiDAR RADAR ultrasonic sensing GNSS and communications. Supports the general claim that precipitation and fog can degrade optical sensing but transfers from road vehicles rather than wildfire UAV deployments and should not be used for an uncited exact 50-percent figure unless tied to the reviewed underlying experiment.,Source-content checked,Verification result: Supported with transfer boundary. Source route: MDPI/PMC open full text and PubMed record (PMCID PMC8400151; PMID 34450839; DOI 10.3390/s21165397). The corresponding manuscript wording/attribution correction was applied: Retain only the qualitative active wording and do not restore the deleted exact visibility-loss percentage.
vien2024riskcommunication,3,"A scoping review of wildfire smoke risk communications: issues, gaps, and recommendations",2024,10.1186/s12889-024-17681-0,sections/introduction.tex,R00556,Primary included corpus,Evidence synthesis or guidance,Used for scope comparison or evidence synthesis; primary-study claims are checked against underlying evidence where material.,Source-content checked,Underlying publisher/DOI/official source was opened and the manuscript use was checked within the stated claim boundary.
wagner2024ai,3,AI Governance: A Challenge for Public Health,2024,10.2196/58358,sections/governance.tex,,External governance or public-health guidance,External authority/context; not primary synthesis evidence,Transferred governance context; not fire-specific validation and not counted in the 562-report primary corpus.,Source-content checked,Underlying publisher/DOI/official source was opened and the manuscript use was checked within the stated claim boundary.
webb2026firevlm,3,FIRE-VLM: A Vision-Language-Driven Reinforcement Learning Framework for UAV Wildfire Tracking in a Physics-Grounded Fire Digital Twin,2026,10.1109/wacvw68408.2026.00161,sections/autonomous_systems.tex,R04864,Primary included corpus,Fire-specific interface or background evidence,"Supplies a possible source, perimeter, rate-of-spread, or routing input; it is not direct evidence of pollutant concentration mapping or health protection.",Source-content checked,Underlying publisher/DOI/official source was opened and the manuscript use was checked within the stated claim boundary.
yu2024canadian,2,"Assessing the 2023 Canadian wildfire smoke impact in Northeastern US: Air quality, exposure and environmental justice",2024,10.1016/j.scitotenv.2024.171853,sections/autonomous_systems.tex; sections/health_risk_modelling.tex,R01686,Primary included corpus,Direct fire-specific evidence,"Supports improved mapping and exposure estimation for the studied June 2023 episodes. It does not establish prospective operational performance, causal environmental-justice effects, health outcomes, or generalisation to other fires and regions.",Source-content checked,Underlying publisher/DOI/official source was opened and the manuscript use was checked within the stated claim boundary.
zhang2023ethics,1,Ethics and governance of trustworthy medical artificial intelligence,2023,10.1186/s12911-023-02103-9,sections/governance.tex,,External governance or public-health guidance,External authority/context; not primary synthesis evidence,Multidisciplinary review identifies data quality bias opacity safety/security and responsibility attribution as trustworthiness issues in medical AI and proposes transparency traceability human responsibility whole-process review and multi-stakeholder assessment. Supports general governance context but not validation of fire-response safeguards or crisis-consent mechanisms.,Source-content checked,Verification result: Supported with transfer boundary. Source route: BMC/Springer open-access full text (DOI 10.1186/s12911-023-02103-9). No manuscript change was required.
zhang2024does,1,How does evacuation risk change over time? Influences on evacuation strategies during accidental toxic gas releases,2024,10.1016/j.ijdrr.2024.104531,sections/health_risk_modelling.tex,R05703,Contextual outside primary corpus,Transferred adjacent-domain evidence,Develops a modelling framework combining dynamic toxic-gas risk assessment and agent-based evacuation simulation to assess how risk and strategy change over time. Supports agent-based heterogeneous evacuation scenario modelling as adjacent hazardous-release evidence; it does not support Bayesian or Monte Carlo health-risk inference and is not fire-specific.,Source-content checked,Verification result: Supported with scope boundary. Source route: Elsevier publisher abstract and indexed article record (DOI 10.1016/j.ijdrr.2024.104531). The corresponding manuscript wording/attribution correction was applied: Retain only the agent-based evacuation use in the revised paragraph; keep the Bayesian and Monte Carlo statement generic or support it with another appropriate source.
